[
    {
        "title": "Welcome to New York",
        "lyrics": "90 contributorstranslationstürkçedeutschукраїнськаfrançaisespañolportuguêspolskiwelcome new york lyrics walkin' crowd village aglow kaleidoscope loud heartbeats coats everybody wanted somethin' searchin' sound hadn't heard said welcome new york it's waitin' welcome new york welcome new york welcome new york it's waitin' welcome new york welcome new york it's new soundtrack could dance beat beat forevermore lights bright never blind welcome new york it's waitin' welcome new york welcome new york first dropped bags apartment floors took broken hearts put drawer everybody someone else want want boys boys girls girls welcome new york it's waitin' welcome new york welcome new york welcome new york it's waitin' welcome new york welcome new york it's new soundtrack could dance beat beat forevermore lights bright never blind welcome new york new york it's waitin' welcome new york welcome new york see taylor swift liveget tickets low $932you might also like like great love keeps guessing like real love it's ever-changing like true love drives crazy know wouldn't change anything anything anything welcome new york it's waitin' welcome new york welcome new york welcome new york it's waitin' welcome new york welcome new york it's new soundtrack could dance beat lights bright never blind welcome new york new soundtrack it's waitin' welcome new york lights bright never blind welcome new york bright never blind yeah welcome new york welcome new york106embed"
    },
    {
        "title": "Blank Space",
        "lyrics": "243 contributorstranslationsdeutschукраїнськаالعربيةtürkçeespañolportuguêspolskiελληνικάfrançaisblank space lyrics nice meet could show incredible things magic madness heaven sin saw thought \"oh god look face look like next mistake love's game wanna play?\" ayy new money suit tie read like magazine ain't funny rumors fly know heard hey let's friends i'm dying see one ends grab passport hand make bad guys good weekend it's gonna forever it's gonna go flames tell it's mm high worth pain got long list ex-lovers they'll tell i'm insane 'cause know love players love game 'cause we're young we're reckless we'll take way far it'll leave breathless mm nasty scar got long list ex-lovers they'll tell i'm insane i've got blank space baby i'll write name see taylor swift liveget tickets low $932you might also like cherry lips crystal skies could show incredible things stolen kisses pretty lies you're king baby i'm queen find want girl month wait worst yet come oh screaming crying perfect storms make tables turn rose garden filled thorns keep second guessing like \"oh god she?\" get drunk jealousy you'll come back time leave 'cause darling i'm nightmare dressed like daydream it's gonna forever it's gonna go flames tell it's mm high worth pain got long list ex-lovers they'll tell i'm insane 'cause know love players love game 'cause we're young we're reckless oh we'll take way far it'll leave breathless oh-oh mm nasty scar got long list ex-lovers they'll tell i'm insane insane i've got blank space baby i'll write name boys want love it's torture don't say didn't say didn't warn ya boys want love it's torture don't say didn't say didn't warn ya it's gonna forever it's gonna go flames tell it's mm high worth pain got long list ex-lovers they'll tell i'm insane i'm insane 'cause know love players love game love game 'cause we're young we're reckless yeah we'll take way far ooh it'll leave breathless mm nasty scar nasty scar got long list ex-lovers they'll tell i'm insane i've got blank space baby i'll write name1kembed"
    },
    {
        "title": "Style",
        "lyrics": "176 contributorstranslationstürkçefrançaisespañolportuguêspolskideutschукраїнськаstyle lyrics midnight come pick headlights long drive could end burning flames paradise fade view oh it's since even heard heard tell leave 'cause know exactly leads watch us go 'round 'round time got james dean daydream look eye got red lip classic thing like go crashing come back every time 'cause never go style never go style got long hair slicked back white t-shirt got good girl faith tight little skirt go crashing come back every time 'cause never go style never go style goes can't keep wild eyes road mm takes home lights he's taking coat mm yeah say \"i heard oh you've girl\" girl see taylor swift liveget tickets low $932you might also like says \"what heard true can't stop thinking 'bout i\" said \"i've times\" 'cause got james dean daydream look eye got red lip classic thing like go crashing come back every time 'cause never go style never go style got long hair slicked back white t-shirt got good girl faith tight little skirt tight little skirt go crashing come back every time 'cause never go style never go never go never go style take home ah take home ah yeah take home ah oh-oh woah-oh oh style oh got james dean daydream look eye got red lip classic thing like go crashing go come back every time 'cause never go style never go style1kembed"
    },
    {
        "title": "Out Of The Woods",
        "lyrics": "114 contributorstranslationstürkçeукраїнськаdeutschfrançaisespañolportuguêspolskinederlandsout woods lyrics looking seems simple lying couch remember took polaroid us discovered discovered rest world black white screaming color remember thinking woods yet woods yet woods yet woods clear yet clear yet clear yet clear yet good woods yet woods yet woods yet woods clear yet clear yet clear yet clear yet good woods looking last december last december built fall apart fall back together back together ooh necklace hanging neck night couldn't quite forget decided decided move furniture could dance baby like stood chance two paper airplanes flying flying flying remember thinking see taylor swift liveget tickets low $932you might also like woods yet woods yet woods yet woods clear yet clear yet clear yet clear yet good woods yet woods yet woods yet oh woods clear yet clear yet clear yet clear yet good woods remember hit brakes soon twenty stitches hospital room started crying baby sun came looking remember couldn't take heat walked said \"i'm setting free\" monsters turned trees sun came looking looking oh looking woods yet woods yet woods yet woods remember clear yet clear yet clear yet clear yet good oh remember woods yet woods yet yeah woods yet woods clear yet clear yet say clear yet clear yet good woods yet woods yet woods yet woods clear yet yeah clear yet yeah clear yet clear yet good clear yet good woods yet woods yet woods yet woods clear yet clear yet clear yet clear yet good remember woods yet woods yet woods yet woods clear yet clear yet clear yet clear yet good167embed"
    },
    {
        "title": "All You Had To Do Was Stay",
        "lyrics": "74 contributorstranslationstürkçedeutschfrançaisespañolportuguêspolskiall stay lyrics hey hey hey hey hey hey hey hey hey hey hey hey people like always want back love gave away people like wanna believe say you've changed think less know know drove us road stay hey stay palm hand why'd go lock let stay hey say want back it's late well could've easy stay stay stay stay stay see taylor swift liveget tickets low $932you might also like calling don't know say i've pickin' pieces mess made people like always want back love pushed aside people like gone forever say goodbye stay hey stay palm hand why'd go lock let stay hey say want back it's late well could've easy stay stay stay stay stay stay stay stay let remind wanted oh oh oh-oh-oh ended wanted oh oh oh-oh-oh like like like oh stay hey stay palm hand why'd go lock let stay hey say want back it's late well could've easy stay hey stay palm hand why'd go lock let stay hey say want back it's late well could've easy stay stay stay oh stay stay ooh stay)193embed"
    },
    {
        "title": "Shake It Off",
        "lyrics": "118 contributorstranslationsespañolportuguêsfrançaisελληνικάtürkçemagyardeutschpolskishake lyrics stay late got nothin' brain that's people say mm-mm that's people say mm-mm go many dates haha can't make stay least that's people say mm-mm that's people say mm-mm keep cruisin' can't stop won't stop movin' it's like got music mind sayin' \"it's gonna alright\" 'cause players gonna play play play play play haters gonna hate hate hate hate hate baby i'm gonna shake shake shake shake shake shake shake heartbreakers gonna break break break break break fakers gonna fake fake fake fake fake baby i'm gonna shake shake shake shake shake shake shake see taylor swift liveget tickets low $932you might also like never miss beat i'm lightnin' feet that's don't see mm-mm that's don't see mm-mm i'm dancin' dancin' make moves go moves go that's don't know mm-mm that's don't know mm-mm keep cruisin' can't stop won't stop groovin' it's like got music mind sayin' \"it's gonna alright\" 'cause players gonna play play play play play haters gonna hate hate hate hate hate baby i'm gonna shake shake shake shake shake shake shake heartbreakers gonna break break break break break fakers gonna fake fake fake fake fake baby i'm gonna shake shake shake shake shake shake shake shake shake shake shake shake shake shake shake hey hey hey think you've gettin' liars dirty dirty cheats world could've gettin' sick beat ex-man brought new girlfriend she's like \"oh god,\" i'm gonna shake fella hella good hair won't come baby shake shake shake yeah oh-oh oh 'cause players gonna play play play play play haters gonna hate hate hate hate hate haters gonna hate baby i'm gonna shake shake shake shake shake shake shake ha heartbreakers gonna break break break break break mmm fakers gonna fake fake fake fake fake fake fake fake baby i'm gonna shake shake shake shake shake shake shake shake shake shake shake shake shake shake yeah shake shake shake shake shake got shake shake shake shake off234embed"
    },
    {
        "title": "I Wish You Would",
        "lyrics": "72 contributorstranslationstürkçedeutschfrançaisespañolportuguêsفارسیpolskii wish would lyrics it's 2 car windows pass street memories start say \"it's past,\" drive straight ahead you're thinkin' hate 'cause still don't know never said wish would come back wish never hung phone like wish knew i'd never forget long live wish right right it's good wish would it's 2 room headlights pass window pane think we're crooked love straight line makes want run hide makes turn right back around wish would come back wish never hung phone like wish knew i'd never forget long live wish right right it's good wish would wish could go back remember fighting wish knew miss much mad anymore wish right right it's good wish would see taylor swift liveget tickets low $932you might also like i-i-i wish wish i-i-i wish wish i-i-i wish wish hey always knew push buttons i-i-i wish wish give everything nothin' i-i-i wish wish mad mad love makes come runnin' i-i-i wish wish stand back stood i-i-i wish wish wish would wish would wish would wish would wish would wish would i-i-i wish wish wish would wish would i-i-i wish wish 2 see face hear voice dark we're crooked love straight line makes wanna run hide made us turn right back around wish would come back wish never hung phone like wish knew i'd never forget long live wish right right it's good wish would wish would come back wish never hung phone like wish knew i'd never forget long live wish right right it's good wish would wish could go back remember fighting wish knew miss much mad anymore wish right right it's good wish would always knew push buttons i-i-i wish wish give everything nothin' i-i-i wish wish mad mad love makes come runnin' i-i-i wish wish stand back stood i-i-i wish wish wish would wish would wish would wish would i-i-i wish wish wish would wish would wish would wish would wish would i-i-i wish wish i-i-i wish wish i-i-i wish wish wish would81embed"
    },
    {
        "title": "Bad Blood",
        "lyrics": "103 contributorstranslationstürkçedeutschespañolportuguêsfrançaispolskibad blood lyrics 'cause baby got bad blood know used mad love take look you've done 'cause baby got bad blood hey got problems don't think solve made really deep cut baby got bad blood hey thinking could trusted ruin shiny it's rusted hit i'm weak baby couldn't breathe rub deep salt wound like you're laughin' right oh it's sad think good times 'cause baby got bad blood know used mad love take look you've done 'cause baby got bad blood hey got problems don't think solve made really deep cut baby got bad blood hey see taylor swift liveget tickets low $932you might also like think we'd fine still got scars back knife don't think it's past kinda wounds last last think things catch time heal won't you're comin' way don't oh it's sad think good times 'cause baby got bad blood know used mad love take look you've done 'cause baby we've got bad blood hey got problems don't think solve made really deep cut baby we've got bad blood hey band-aids don't fix bullet holes say sorry show live like live ghosts band-aids don't fix bullet holes hey say sorry show hey live like live ghosts hey mmm love like blood runs cold 'cause baby got bad blood know used mad love take look you've done 'cause baby got bad blood hey bad blood got problems don't think solve don't think solve made really deep cut baby got bad blood hey 'cause got bad blood 'cause baby got bad blood know used mad love take look you've done look you've done 'cause baby got bad blood hey ooh woah got problems don't think solve made really deep cut baby got bad blood hey370embed"
    },
    {
        "title": "Wildest Dreams",
        "lyrics": "115 contributorstranslationsdeutschfrançaistürkçeespañolportuguêspolski日本語magyarwildest dreams lyrics said \"let's get town drive city away crowds\" thought \"heaven can't help now\" nothing lasts forever gonna take he's tall handsome hell he's bad well see end begins one condition say you'll remember standin' nice dress starin' sunset babe red lips rosy cheeks say you'll see even it's wildest dreams ah ha wildest dreams ah ha said \"no one know do\" hands hair clothes room voice familiar sound nothin' lasts forever gettin' good see taylor swift liveget tickets low $932you might also like he's tall handsome hell he's bad well we've last kiss last request say you'll remember standin' nice dress starin' sunset babe red lips rosy cheeks say you'll see even it's wildest dreams ah ha wildest dreams ah ha you'll see hindsight tangled night burnin' someday leave bet memories follow around you'll see hindsight tangled night burnin' burnin' someday leave bet memories follow follow around follow around say you'll remember standing nice dress starin' sunset babe red lips rosy cheeks say you'll see even it's pretend say you'll remember standin' nice dress starin' sunset babe red lips rosy cheeks say you'll see even it's pretend pretend wildest dreams ah ha ah wildest dreams ah ha even it's wildest dreams ah ha wildest dreams ah ha277embed"
    },
    {
        "title": "How You Get The Girl",
        "lyrics": "67 contributorstranslationsfrançaisespañolportuguêstürkçeрусскийdeutschpolskihow get girl lyrics oh oh oh oh oh oh oh-oh oh-oh stand like ghost shaking rain rain she'll open door say \"are insane?\" say it's long six months afraid tell want want that's works that's get girl say want worse better would wait forever ever broke heart i'll put back together would wait forever ever that's works that's get girl girl oh-oh oh that's works that's get girl girl see taylor swift liveget tickets low $932you might also like remind used yeah-yeah pictures frames kisses cheeks cheeks tell must lost mind ooh-ooh left alone never told that's works that's lost girl say want worse better would wait forever ever ever ever broke heart i'll put back together would wait forever ever that's works that's get girl girl oh-oh oh-oh that's works that's get girl girl yeah yeah know oh oh oh oh oh oh oh oh oh oh don't want go oh oh remind used pictures frames kisses cheeks say want yeah-yeah say want worse better worse better would wait forever ever ever ever broke heart i'll put back together want forever ever would wait forever ever that's works that's get girl girl works that's works that's get girl girl get girl that's works that's works that's get girl girl oh oh oh oh oh oh oh oh oh oh that's works that's get girl girl oh oh oh oh oh oh oh oh oh oh that's works that's got girl123embed"
    },
    {
        "title": "This Love",
        "lyrics": "91 contributorstranslationsfrançaisportuguêstürkçepolskideutschthis love lyrics clear blue water high tide came brought could go skies grew darker currents swept gone gone gone gone silent screams wildest dreams never dreamed love good love bad love alive back dead oh-oh oh hands let go free love came back oh-oh oh oh-oh oh-oh oh tossing turning struggled night someone new baby could go lantern burning flickered mind still gone gone gone see taylor swift liveget tickets low $932you might also like losing grip sinking ships showed time love good love bad love alive back dead oh-oh oh hands let go free love came back oh-oh oh love left permanent mark love glowing dark oh-oh oh hands let go free love came back oh-oh oh love love love love oh-oh oh love love love love oh-oh oh love love love love oh-oh oh love love love love kiss cheek watched leave smile ghost fell knees you're young run come back need love good love bad love alive back dead oh-oh oh hands let go free love came back oh-oh oh love love left permanent mark love love glowing dark oh-oh oh love hands let go free love love came back oh-oh oh love love love love oh-oh oh love love love love oh-oh oh love love love love love love came back oh-oh oh90embed"
    },
    {
        "title": "I Know Places",
        "lyrics": "94 contributorstranslationstürkçedeutschfrançaisespañolportuguêspolskii know places lyrics i-i-i-i i-i-i-i i-i-i-i i-i-i-i i-i-i-i i-i-i-i i-i stand hand waistline it's scene we're plain sight hear whisper pass it's bad sign bad sign somethin' happens everybody finds see vultures circling dark clouds love's fragile little flame could burn could burn 'cause got cages got boxes guns hunters foxes run baby know places won't found they'll chasing tails tryin' track us 'cause know places hide know places know places lights flash we'll run fences let say want won't hear loose lips sink ships damn time time see taylor swift liveget tickets low $932you might also like grab hand don't ever drop love hunters foxes run baby baby know places won't found they'll they'll chasing tails tryin' track us 'cause know places hide know places hunters foxes run grab hand don't ever drop love baby baby know places won't found they'll they'll chasing tails tryin' track us 'cause know places hide know places take shots we're bulletproof know places hide know it's always know places dead night eyes green know places hide know it's always know places i-i-i-i i-i-i-i i-i-i-i i-i-i-i i)113embed"
    },
    {
        "title": "Clean",
        "lyrics": "110 contributorstranslationsespañolportuguêsfrançaistürkçeукраїнськаsvenskapolskideutschclean lyrics drought worst ah-ah ah-ah flowers we'd grown together died thirst months months back forth ah-ah ah-ah you're still like wine-stained dress can't wear anymore hung head lost war sky turned black like perfect storm rain came pouring drownin' that's could finally breathe mornin' gone trace think finally clean nothin' left ah-ah ah-ah butterflies turned dust covered whole room punched hole roof ah-ah ah-ah let flood carry away pictures water filled lungs screamed loud one heard thing see taylor swift liveget tickets low $932you might also like rain came pouring drownin' that's could finally breathe mornin' gone trace think finally clean think finally clean ah-ah-ah-ah-ah said think finally clean ah-ah-ah-ah ten months sober must admit you're clean don't mean don't miss ten months older won't give i'm clean i'm never gonna risk drought worst ah-ah ah-ah flowers we'd grown together died thirst oh rain came pouring drownin' that's could finally breathe mornin' gone trace think finally clean rain came pouring drownin' that's could finally breathe mornin' gone trace think finally clean finally clean think i'm finally clean ah-ah ah-ah think i'm finally clean161embed"
    }
]