[
    {
        "title": "the 1",
        "lyrics": "180 contributorstranslationsnederlandstürkçeespañolсрпскирусскийportuguêsitalianomagyardeutschfrançaisفارسیhrvatskiελληνικάукраїнськаhebrewcatalàpolskislovenščinathe 1 lyrics i'm good i'm new shit saying \"yes\" instead \"no\" thought saw bus stop didn't though hit ground running night hit sunday matinée know greatest films time never made guess never know never know wanted really should've showed never bleed you're never gonna grow it's alright something don't think roaring twenties tossing pennies pool wishes came true would've defense none never leaving well enough alone would've fun would've one ooh dream you're cool shit adventures meet woman internet take home never painted numbers baby making count know greatest loves time see taylor swift liveget tickets low $932you might also like guess never know never know it's another day waking alone something don't think roaring twenties tossing pennies pool wishes came true would've defense none never leaving well enough alone would've fun would've one persist resist temptation ask one thing different would everything different today something don't think rosé flowing chosen family would've sweet could've defense none digging grave another time would've fun would've one ooh)103embed"
    },
    {
        "title": "cardigan",
        "lyrics": "291 contributorstranslationsnederlandstürkçeespañolсрпскирусскийromânăportuguêsفارسیitalianobahasa indonesiamagyardeutschfrançaishrvatskichinese traditionalελληνικάукраїнськаpolskislovenščinaالعربيةhebrewcatalà한국어cardigan lyrics vintage tee brand new phone high heels cobblestones young assume know nothing sequin smile black lipstick sensual politics young assume know nothing knew dancin' levi's drunk streetlight knew hand sweatshirt baby kiss better felt like old cardigan someone's bed put said favorite friend friend none chase two girls lose one young assume know nothing see taylor swift liveget tickets low $932you might also like knew playing hide-and-seek giving weekends knew heartbeat high line twenty lifetimes felt like old cardigan someone's bed put said favorite kiss cars downtown bars needed drew stars around scars i'm bleedin' 'cause knew steppin' last train marked like bloodstain knew tried change ending peter losing wendy knew leavin' like father running like water young assume know nothing knew you'd linger like tattoo kiss knew you'd haunt what-ifs smell smoke would hang around long 'cause knew everything young knew i'd curse longest time chasin' shadows grocery line knew you'd miss thrill expired you'd standin' front porch light knew you'd come back you'd come back you'd come back you'd come back felt like old cardigan someone's bed put said favorite175embed"
    },
    {
        "title": "the last great american dynasty",
        "lyrics": "146 contributorstranslationsnederlandsсрпскиtürkçeespañolрусскийportuguêsفارسیitalianoελληνικάfrançaisbosanskiукраїнськаcatalà한국어svenskapolskislovenščinathe last great american dynasty lyrics rebekah rode afternoon train sunny saltbox house coast took mind st louis bill heir standard oil name money town said \"how middle-class divorcée it?\" wedding charming little gauche there's far new money goes picked home called \"holiday house\" parties tasteful little loud doctor told settle must fault heart gave said \"there goes last great american dynasty knows never showed could've goes maddest woman town ever seen marvelous time ruining everything\" rebekah gave rhode island set forever flew bitch pack friends city filled pool champagne swam big names blew money boys ballet losing card game bets dalí see taylor swift liveget tickets low $932you might also like said \"there goes last great american dynasty knows never showed could've goes shameless woman town ever seen marvelous time ruining everything\" say seen occasion pacing rocks staring midnight sea feud neighbor stole dog dyed key lime green fifty years long time holiday house sat quietly beach free women madness men bad habits bought knows never showed could've goes loudest woman town ever seen marvelous time ruining everything marvelous time ruining everything marvelous time ruining everything marvelous time marvelous time73embed"
    },
    {
        "title": "exile",
        "lyrics": "236 contributorstranslationsnederlandstürkçeespañolсрпскирусскийportuguêsفارسیitalianomagyardeutschfrançaishrvatskiελληνικάукраїнськаsvenskapolskislovenščinachinese traditionalexile lyrics see standing honey arms around body laughin' joke's funny took five whole minutes pack us leave holdin' love hall think i've seen film didn't like ending you're homeland anymore defending town i'm exile seein' think i've seen film ooh ooh ooh see starin' honey like he's understudy like you'd get knuckles bloody second third hundredth chances balancin' breaking branches eyes add insult injury see taylor swift liveget tickets low $932you might also like think i've seen film didn't like ending i'm problem anymore offending crown i'm exile seein' think i've seen film i'm leaving side door step right amount crying time always walked thin line didn't even hear didn't even hear never gave warning sign gave many signs time never learned read mind never learned read mind couldn't turn things around never turned things around 'cause never gave warning sign gave many signs many signs many signs didn't even see signs think i've seen film didn't like ending you're homeland anymore defending town i'm exile seein' think i've seen film i'm leavin' side door step right amount crying time always walked thin line didn't even hear didn't even hear never gave warning sign gave many signs time never learned read mind never learned read mind couldn't turn things around never turned things around 'cause never gave warning sign gave many signs never gave warning sign time many signs never learned read mind many signs couldn't turn things around couldn't turn things around 'cause never gave warning sign never gave warning sign never gave warning sign ah ah112embed"
    },
    {
        "title": "my tears ricochet",
        "lyrics": "196 contributorstranslationsnederlandstürkçeespañolсрпскирусскийportuguêsفارسیitalianomagyardeutschfrançaishrvatskiελληνικάукраїнськаsvenskapolskislovenščinahebrewmy tears ricochet lyrics gather line weepin' sunlit room i'm fire you'll made ashes even worst day deserve babe hell gave 'cause loved swear loved 'til dying day didn't go grace you're hero flying around saving face i'm dead wake cursing name wishing stayed look tears ricochet gather stones never knowing they'll mean throw make diamond ring know didn't want haunt ghostly scene wear jewels gave bury didn't go grace 'cause i'd fight used tell brave i'm dead wake cursing name wishing stayed look tears ricochet see taylor swift liveget tickets low $932you might also like go anywhere want anywhere want home aim heart go blood would still miss bones still talk i'm screaming sky can't sleep night hear stolen lullabies didn't go grace battleships sink beneath waves kill killed cursing name wishing stayed turned worst fears you're tossing blame drunk pain crossing good years you're cursing name wishing stayed look tears ricochet91embed"
    },
    {
        "title": "mirrorball",
        "lyrics": "172 contributorstranslationsnederlandstürkçeespañolсрпскирусскийportuguêsفارسیitalianomagyardeutschfrançaishrvatskiελληνικάукраїнськаpolskiromânăslovenščinacatalàmirrorball lyrics want know i'm mirrorball i'll show every version tonight i'll get floor shimmering beautiful break it's million pieces hush one around dear you'll find tallest tiptoes spinning highest heels love shining hush know said end near i'm still tallest tiptoes spinning highest heels love shining want know i'm mirrorball change everything fit like regulars masquerade revelers drunk watch shattered edges glisten see taylor swift liveget tickets low $932you might also like hush one around dear you'll find tallest tiptoes spinning highest heels love shining hush know said end near i'm still tallest tiptoes spinning highest heels love shining called circus burned disco sent home horses rodeo clowns i'm still tightrope i'm still trying everything get laughing i'm still believer don't know i've never natural try try try i'm still trapeze i'm still trying everything keep looking i'm mirrorball i'm mirrorball i'll show every version tonight64embed"
    },
    {
        "title": "seven",
        "lyrics": "185 contributorstranslationsnederlandstürkçeespañolсрпскирусскийportuguêsفارسیмакедонскиmagyardeutschfrançaishrvatskiελληνικάitalianopolskiукраїнськаslovenščinaseven lyrics please picture trees hit peak seven feet swing creek scared jump high sky pennsylvania still beautiful things sweet tea summer cross heart won't tell though can’t recall face still got love braids like pattern love moon saturn passed like folk songs love lasts long i've meaning tell think house haunted dad always mad must think come live pirates won't cry hide closet like folk song love passed see taylor swift liveget tickets low $932you might also like please picture weeds learned civility used scream ferociously time wanted sweet tea summer cross heart won’t tell though can't recall face still got love pack dolls sweater we'll move india forever passed like folk songs love lasts long85embed"
    },
    {
        "title": "august",
        "lyrics": "168 contributorstranslationsnederlandstürkçeespañolсрпскирусскийportuguêsفارسیitalianomagyardeutschfrançaisελληνικάromânăpolskiукраїнськаhebrewsvenskaslovenščinaالعربيةaugust lyrics salt air rust door never needed anything whispers \"are sure?\" \"never ever before\" see us lost memory august slipped away moment time 'cause never mine see us twisted bedsheets august sipped away like bottle wine 'cause never mine back beneath sun wishin' could write name call you're back school remember thinkin' see us lost memory august slipped away moment time 'cause never mine see us twisted bedsheets august sipped away like bottle wine 'cause never mine see taylor swift liveget tickets low $932you might also like back still changin' better wanting enough enough live hope cancel plans case you'd call say \"meet behind mall\" much summer love saying \"us\" 'cause weren't mine lose weren't mine lose see us lost memory august slipped away moment time 'cause never mine see us twisted bedsheets august sipped away like bottle wine 'cause never mine 'cause never mine never mine remember remember pulled said \"get car\" canceled plans case you'd call back livin' hope hope \"meet behind mall\" remember pulled said \"get car\" canceled plans case you'd call back livin' hope hope \"meet behind mall\" remember pulled said \"get car\" canceled plans case you'd call back livin' hope hope hope hope hope hope all)127embed"
    },
    {
        "title": "this is me trying",
        "lyrics": "151 contributorstranslationsnederlandstürkçeespañolсрпскирусскийportuguêsفارسیitalianomagyardeutschfrançaisελληνικάsvenskaукраїнськаcatalàpolskislovenščinathis trying lyrics i've hard time adjusting shiniest wheels they're rusting didn't know you'd care came back lot regrets pulled car road lookout could've followed fears way maybe don't quite know say i'm doorway wanted know trying wanted know trying told cages mental got wasted like potential words shoot kill i'm mad lot regrets ahead curve curve became sphere fell behind classmates ended pouring heart stranger didn't pour whiskey wanted know trying wanted know trying see taylor swift liveget tickets low $932you might also like least i'm trying it's hard party feel like open wound it's hard anywhere days want you're flashback film reel one screen town wanted know trying maybe don't quite know say wanted know trying least i'm trying78embed"
    },
    {
        "title": "illicit affairs",
        "lyrics": "156 contributorstranslationstürkçeespañolсрпскирусскийportuguêsفارسیitalianomagyardeutschfrançaisελληνικάукраїнськаpolskislovenščinanederlandsillicit affairs lyrics make sure nobody sees leave hood head keep eyes tell friends you're run you’ll flushed return take road less traveled tell always stop started beautiful rooms ends meetings parking lots that's thing illicit affairs clandestine meetings longing stares it's born one single glance dies dies dies million little times leave perfume shelf picked leave trace behind like don’t even exist take words dwindling mercurial high drug worked first hundred times see taylor swift liveget tickets low $932you might also like that's thing illicit affairs clandestine meetings stolen stares show truth one single time lie lie lie million little times wanna scream don't call \"kid,\" don't call \"baby\" look godforsaken mess made showed colors know can't see anyone else don't call \"kid,\" don't call \"baby\" look idiotic fool made taught secret language can't speak anyone else know damn well would ruin million little times89embed"
    },
    {
        "title": "invisible string",
        "lyrics": "155 contributorstranslationstürkçeespañolсрпскирусскийportuguêsفارسیitalianomagyardeutschfrançaisελληνικάsvenskaукраїнськаpolskislovenščinanederlandsinvisible string lyrics green color grass used read centennial park used think would meet somebody teal color shirt sixteen yogurt shop used work make little money time curious time gave compasses gave signs clues didn't see isn't pretty think along invisible string tying ooh-ooh-ooh-ooh bad blood song cab first trip la ate favorite spot dinner bold waitress three-year trip getting lunch lakes said looked like american singer see taylor swift liveget tickets low $932you might also like time mystical time cutting open healing fine clues didn't see isn't pretty think along invisible string tying ooh-ooh-ooh-ooh string pulled wrong arms right dive bar something wrapped past mistakes barbed wire chains around demons wool brave seasons one single thread gold tied cold steel axe grind boys broke heart send babies presents gold color leaves showed around centennial park hell journey brought heaven time wondrous time gave blues purple-pink skies it's cool baby isn't pretty think along invisible string tying ooh-ooh-ooh-ooh ooh-ooh-ooh-ooh ah-ah-ah ah-ah-ah)70embed"
    },
    {
        "title": "mad woman",
        "lyrics": "144 contributorstranslationstürkçeespañolсрпскирусскийportuguêsفارسیitalianomagyardeutschfrançaisελληνικάsvenskaукраїнськаpolskislovenščinanederlandsmad woman lyrics think i'd say scorpion sting fighting back strike kill know know sing drive home see face neighbor's lawn smile mouth \"fuck forever\" every time call crazy get crazy say seem angry get angry there's nothing like mad woman shame went mad one likes mad woman made like you'll poke bear 'til claws come find something wrap noose around there's nothing like mad woman breathe flames time talk cannons firin' yacht say \"move on,\" know won't women like hunting witches dirtiest work it's obvious wanting dead really brought two together see taylor swift liveget tickets low $932you might also like every time call crazy get crazy say seem angry get angry there's nothing like mad woman shame went mad one likes mad woman made like you'll poke bear 'til claws come find something wrap noose around there's nothing like mad woman i'm taking time taking time 'cause took everything watching climb watching climb people like master spin couple side flings good wives always know mad scathing like one likes mad woman shame went mad made like that44embed"
    },
    {
        "title": "epiphany",
        "lyrics": "107 contributorstranslationsفارسیtürkçeespañolсрпскирусскийportuguêsмакедонскиitalianomagyardeutschελληνικάfrançaisукраїнськаpolskislovenščinaepiphany lyrics keep helmet keep life son flesh wound here's rifle crawling beaches \"sir think he's bleeding out\" things can't speak serve fall watch breathe watch breathing something med school cover someone's daughter someone's mother holds hand plastic \"doc think she's crashing out\" things can't speak twenty minutes sleep dream epiphany one single glimpse relief make sense you've seen serve fall watch breathe watch breathing serve serve fall watch breathe watch breathe watch breathing see taylor swift liveget tickets low $932you might also like twenty minutes sleep dream epiphany one single glimpse relief make sense you've seen71embed"
    },
    {
        "title": "betty",
        "lyrics": "217 contributorstranslationstürkçeespañolсрпскирусскийportuguêsفارسیitalianomagyardeutschελληνικάfrançaisукраїнськаsvenskapolskiromânăslovenščinaالعربيةbetty lyrics betty won't make assumptions switched homeroom think it's 'cause betty one time riding skateboard passed house it's like couldn't breathe heard rumors inez can't believe word says times time true worst thing ever showed party would would want would tell go fuck lead garden garden would trust told summer thing i'm seventeen don't know anything know miss betty know went wrong favorite song playing far side gym nowhere found hate crowds know plus saw dance see taylor swift liveget tickets low $932you might also like heard rumors inez can't believe word says times time true worst thing ever showed party would would want would tell go fuck lead garden garden would trust told summer thing i'm seventeen don't know anything know miss walking home broken cobblestones thinking pulled like figment worst intentions said \"james get let's drive\" days turned nights slept next dreamt summer long betty i'm doorstep planned weeks it's finally sinkin' betty right last time dream happens see face thing wanna make showed party yeah showed party yeah showed party love kiss porch front stupid friends kiss like dreamed patch broken wings i'm seventeen don't know anything know miss standing cardigan kissin' car stopped streetlight know miss you95embed"
    },
    {
        "title": "peace",
        "lyrics": "137 contributorstranslationsفارسیtürkçeespañolсрпскирусскийportuguêsitalianomagyardeutschελληνικάfrançaisукраїнськаpolskislovenščinapeace lyrics coming-of-age come gone suddenly summer it's clear never courage convictions long danger near it's around corner darlin' 'cause lives could never give peace i'm fire i'll keep brittle heart warm cascade ocean wave blues come people think love's show would die secret devil's details got friend would enough could never give peace integrity makes seem small paint dreamscapes wall talk shit friends it's like i'm wasting honor know i'd swing fences sit trenches give wild give child give silence comes two people understand family chose see brother brother enough there's robbers east clowns west i'd give sunshine give best rain always gonna come you're standin' see taylor swift liveget tickets low $932you might also like i'm fire i'll keep brittle heart warm cascade ocean wave blues come people think love's show would die secret devil's details got friend would enough could never give peace would enough could never give peace would enough could never give peace?60embed"
    },
    {
        "title": "hoax",
        "lyrics": "149 contributorstranslationsукраїнськаtürkçeespañolсрпскирусскийportuguêsفارسیitalianomagyarελληνικάdeutschfrançaissvenskapolskislovenščinahoax lyrics one smoking gun eclipsed sun broken twisted knife sleepless night winless fight frozen ground stood cliffside screaming \"give reason\" faithless love's hoax believe don't want shade blue sadness world would best laid plan sleight hand barren land ash fire stood cliffside screaming \"give reason\" faithless love's hoax believe don't want shade blue sadness world would see taylor swift liveget tickets low $932you might also like know left part back new york knew hero died what's movie knew still hurts underneath scars pulled apart knew password let door knew won what's point keeping score knew still hurts underneath scars pulled apart dark ah ah ah darling hard pulled apart one kingdom come undone broken drum beaten heart don't want shade blue sadness world would do58embed"
    }
]