[
    {
        "title": "I Forgot That You Existed",
        "lyrics": "108 contributorstranslationsespañolсрпскиportuguêspolskiitalianodeutschfrançaisفارسیmagyarукраїнськаslovenščinatürkçeрусскийi forgot existed lyrics many days spend thinking 'bout wrong wrong wrong lived shade throwing 'til sunshine gone gone gone couldn't get away ya feelings drake yeah name lips tongue-tied free rent living mind something happened one magical night forgot existed thought would kill didn't nice peaceful quiet forgot existed isn't love isn't hate it's indifference forgot got popcorn soon rep started going laughed school yard soon tripped hit ground ground ground would've stuck around ya would've fought whole town yeah would've right front row even nobody came show see taylor swift liveget tickets low $932you might also like showed one magical night forgot existed thought would kill didn't nice peaceful quiet forgot existed isn't love isn't hate it's indifference forgot sent clear message taught hard lessons forget it's blur forgot existed thought would kill didn't nice peaceful quiet forgot existed isn't hate it's indifference isn't love isn't hate it's indifference yeah62embed"
    },
    {
        "title": "Cruel Summer",
        "lyrics": "218 contributorstranslations한국어türkçeespañolсрпскиportuguêspolskiitalianomagyardeutschfrançaisفارسی中文русскийالعربيةукраїнськаsvenskaไทย / phasa thaislovenščinacatalàcruel summer lyrics yeah yeah yeah yeah fever dream high quiet night know caught oh yeah you're right want bad bad boy shiny toy price know bought oh yeah you're right want killing slow window i'm always waiting waiting devils roll dice angels roll eyes doesn't kill makes want it's new shape body it's blue feeling i've got it's ooh woah-oh it's cruel summer it's cool that's tell 'em rules breakable heaven ooh woah-oh it's cruel summer hang head low glow vending machine i'm dying oh yeah you're right want say we'll screw trying times we're trying oh yeah you're right want see taylor swift liveget tickets low $932you might also like cut headlights summer's knife i'm always waiting cut bone devils roll dice angels roll eyes bleed you'll last know oh it's new shape body it's blue feeling i've got it's ooh woah-oh it's cruel summer it's cool that's tell 'em rules breakable heaven ooh woah-oh it's cruel summer i'm drunk back car cried like baby comin' home bar oh said \"i'm fine,\" wasn't true don't wanna keep secrets keep snuck garden gate every night summer seal fate oh scream \"for whatever it's worth love ain't worst thing ever heard?\" looks grinnin' like devil it's new shape body it's blue feeling i've got it's ooh woah-oh it's cruel summer it's cool that's tell 'em rules breakable heaven ooh woah-oh it's cruel summer i'm drunk back car cried like baby comin' home bar oh said \"i'm fine,\" wasn't true don't wanna keep secrets keep snuck garden gate every night summer seal fate oh scream \"for whatever it's worth love ain't worst thing ever heard?\" yeah yeah yeah yeah)115embed"
    },
    {
        "title": "Lover",
        "lyrics": "183 contributorstranslationsрусскийالعربيةукраїнська中文nederlandsespañolсрпскиromânăportuguêspolskiitalianodeutschfrançaisفارسیmagyarslovenščinatürkçelover lyrics could leave christmas lights 'til january place make rules there's dazzling haze mysterious way dear known twenty seconds twenty years go go always close forever ever ah take take home you're lover could let friends crash living room place make call i'm highly suspicious everyone sees wants i've loved three summers honey want 'em go go always close forever ever ah take take home forever ever you're lover see taylor swift liveget tickets low $932you might also like ladies gentlemen please stand every guitar string scar hand take magnetic force man lover heart's borrowed blue all's well ends well end swear overdramatic true lover you'll save dirtiest jokes every table i'll save seat lover go go always close forever ever ah take take home forever ever you're oh you're darling you're lover135embed"
    },
    {
        "title": "The Man",
        "lyrics": "127 contributorstranslationsmagyarукраїнськаslovenščinabosanskitürkçeрусскийsvenskaespañolсрпскиportuguêspolskiitalianodeutschfrançaisthe man lyrics would complex would cool they'd say played field found someone commit would okay every conquest made would make boss i’d fearless leader i'd alpha type everyone believes ya what's like i’m sick running fast wonderin' i'd get quicker man i'm sick comin' 'cause man i'd man i'd man man i’d man man they’d say hustled put work wouldn't shake heads question much deserve wearing rude could separated good ideas power moves would toast oh ayy let players play i’d like leo saint-tropez see taylor swift liveget tickets low $932you might also like i'm sick running fast wonderin' i'd get quicker man i’m sick comin' 'cause man i'd man i'd man man i'd man man what's like brag raking dollars getting bitches models it's good you're bad it's okay you're mad flashin' dollars i'd bitch baller they'd paint bad it's okay i'm mad i'm sick running fast wonderin' i'd get quicker man know i'm sick comin' comin' 'cause man man i'd man i'd man i'm sick running fast fast wonderin' i'd get quicker man hey i'm sick comin' comin' 'cause man man i'd man i'd man man i'd man man oh i'd man man yeah i'd man man i'd man man i'd man82embed"
    },
    {
        "title": "The Archer",
        "lyrics": "157 contributorstranslationsmagyarукраїнськаslovenščinatürkçesvenskaрусскийdeutscheuskaraespañolсрпскиportuguêspolskiitalianofrançaisnederlandsdanskthe archer lyrics combat i'm ready combat say don't want 'cause cruelty wins movies i've got hundred thrown-out speeches almost said easy come easy go jump train ride alone never grew it's getting old help hold i've archer i've prey could ever leave darling could stay dark side search dark side i'm alright right right right cut nose spite face hate reflection years years wake night pace like ghost room fire invisible smoke heroes die alone help hold see taylor swift liveget tickets low $932you might also like i've archer i've prey screaming could ever leave darling could stay see right see right 'cause see right see right see right see right see right see right see right see right king's horses king's men couldn't put together 'cause enemies started friends help hold i've archer i've prey could ever leave darling could stay see right see right could stay could stay could stay could stay could stay combat i'm ready combat77embed"
    },
    {
        "title": "I Think He Knows",
        "lyrics": "81 contributorstranslationsрусскийespañolсрпскиportuguêspolskiitalianofrançaismagyarукраїнськаslovenščinatürkçedeutschi think knows lyrics think knows footprints sidewalk lead can't stop go every night think knows hands around cold glass make wanna know body like it's mine got boyish look like man architect i'm drawing plans it's like i'm 17 nobody understands one understands got heartbeat skipping 16th avenue got ah mean wanna see what's attitude like want bless soul ain't gotta tell think knows think knows think knows get alone i'll make home he'll want stay think knows he'd better lock won't stick around 'cause good ones never wait ha see taylor swift liveget tickets low $932you might also like got boyish look like man architect i'm drawing plans he's obsessed boy understand boy understand got heartbeat heartbeat skipping 16th avenue got ah mean mean wanna see what's attitude like want bless soul ain't gotta tell think knows think knows want bless want bless want bless want bless soul lyrical smile indigo eyes hand thigh could follow sparks i'll drive lyrical smile indigo eyes hand thigh could follow sparks i'll drive \"so gonna go?\" whisper dark \"where gonna go?\" think knows got heartbeat heartbeat skipping 16th avenue baby got ah mean mean wanna see what's attitude like yeah want bless soul ain't gotta tell think knows think knows want bless want bless want bless oh baby want bless soul got heartbeat want bless skipping 16th avenue baby want bless want bless soul ain't gotta tell think knows49embed"
    },
    {
        "title": "Miss Americana & The Heartbreak Prince",
        "lyrics": "124 contributorstranslationsmagyarукраїнськаไทย / phasa thaislovenščinasvenskadeutschрусскийtürkçeespañolсрпскиportuguêspolskiitalianofrançaismiss americana & heartbreak prince lyrics know adore i'm crazier sixteen lost film scene waving homecoming queens marching band playing i'm lost lights american glory faded i'm feeling hopeless ripped prom dress running rose thorns saw scoreboard ran life ah cameras catch pageant smile counted days counted miles see see it's long time coming it's that's whole world whisper hallway \"she's bad bad girl\" okay whole school rolling fake dice play stupid games win stupid prizes it's there's nothing like miss americana heartbreak prince okay we're sad paint town blue voted likely run away see taylor swift liveget tickets low $932you might also like team losing battered bruising see high fives bad guys leave head hung one seems care american stories burning i'm feeling helpless damsels depressed boys boys wise men darling i'm scared ah cameras catch muffled cries counted days counted miles see see storm coming it's that's whole world whisper hallway \"she's bad bad girl\" okay whole school rolling fake dice play stupid games win stupid prizes it's there's nothing like miss americana heartbreak prince okay we're sad paint town blue voted likely run away don't want go don't really wanna fight 'cause nobody's gonna win think come home don't want go don't really wanna fight 'cause nobody's gonna win think come home don't want go don't really wanna fight 'cause nobody's gonna win thought know i'll never let go 'cause know fight someday we're gonna win it's that's whole world whisper hallway \"she's bad bad girl\" oh thought know know it's there's nothing like like miss americana heartbreak prince okay we're sad paint town blue paint blue voted likely run away don't want go don't really wanna fight 'cause nobody's gonna win think come home i'll never let go 'cause know fight someday we're gonna win thought know it's that's whole world whisper hallway \"she's bad bad girl\" \"she's bad bad girl\"97embed"
    },
    {
        "title": "Paper Rings",
        "lyrics": "103 contributorstranslationsmagyarукраїнськаslovenščinatürkçedeutschрусскийfrançaisespañolсрпскиportuguêspolskiitalianopaper rings lyrics moon high like friends night first met went home tried stalk internet i've read books beside bed wine cold like shoulder gave street cat mouse month two three wake night watch breathe ayy kiss 'cause know long night oh kiss twice 'cause it's gonna alright uh three times 'cause waited whole life one two one two three four like shiny things i'd marry paper rings uh-huh that's right darling you're one want hate accidents except went friends uh-huh that's right darling you're one want paper rings picture frames dirty dreams oh you're one want see taylor swift liveget tickets low $932you might also like winter icy outdoor pool jumped first went i'm even makes blue takes back color painted brother's wall honey without exes fights flaws wouldn't standing tall ayy kiss 'cause know long night oh kiss twice 'cause it's gonna alright uh three times 'cause waited whole life one two one two three four ah like shiny things i'd marry paper rings uh-huh that's right darling you're one want hate accidents except went friends uh-huh that's right darling you're one want paper rings picture frames dirty dreams oh you're one want want drive away want complications want dreary mondays wrap arms around baby boy want drive away want complications want dreary mondays wrap arms around baby boy uh-huh like shiny things i'd marry paper rings ah-ah that's right you're one want hate accidents except went friends ah-ah darling you're one want like shiny things i'd marry paper rings uh-huh that's right darling you're one want hate accidents except went friends uh-huh that's right darling you're one want paper rings picture frames dreams you're one want paper rings picture frames dreams oh you're one want you're one want one want you're one want one want62embed"
    },
    {
        "title": "Cornelia Street",
        "lyrics": "129 contributorstranslationsmagyarукраїнськаslovenščinatürkçedeutschрусскийfrançaisespañolсрпскиportuguêspolskiitalianocornelia street lyrics backseat drunk something stronger drinks bar \"i rent place cornelia street\" say casually car fresh page desk filling blanks go street lights pointed arrow head leading us home hope never lose hope never ends i'd never walk cornelia street that's kinda heartbreak time could never mend i'd never walk cornelia street baby get mystified city screams name baby i'm terrified ever walk away i'd never walk cornelia street i'd never walk cornelia street windows flung right open autumn air jacket 'round shoulders bless rains cornelia street memorize creaks floor back card sharks playing games thought leading packed bags left cornelia street even knew gone see taylor swift liveget tickets low $932you might also like called showed hand turned around hit tunnel sat roof hope never lose hope never ends i'd never walk cornelia street that's kinda heartbreak time could never mend i'd never walk cornelia street baby get mystified city screams name city screams name baby i'm terrified ever walk away i'd never walk cornelia street i'd never walk cornelia street hold hand street walk back apartment years ago inside barefoot kitchen sacred new beginnings became religion listen hope never lose i'd never walk cornelia street oh never baby get mystified city screams name city screams name baby i'm terrified ever walk away i'd never walk cornelia street i'd never walk cornelia street don't wanna lose hope never ends i'd never walk cornelia street don't wanna lose yeah \"i rent place cornelia street\" say casually car61embed"
    },
    {
        "title": "Death By A Thousand Cuts",
        "lyrics": "118 contributorstranslationsукраїнськаmagyarslovenščinatürkçedeutschрусскийespañolсрпскиportuguêspolskiitalianofrançaisفارسیdeath thousand cuts lyrics saying goodbye death thousand cuts flashbacks waking get drunk it's enough ’cause morning comes you're baby look windows love even though boarded chandelier's still flickering ’cause can't pretend it's okay it's it's death thousand cuts dress kill time take long way home ask traffic lights it'll alright say \"i don't know\" one's see everywhere thing share small town said great love one ages story’s still writing pages see taylor swift liveget tickets low $932you might also like ’cause saying goodbye death thousand cuts flashbacks waking get drunk it's enough ’cause morning comes you're baby look windows love even though boarded chandelier's still flickering 'cause can’t pretend it's okay it's it's death thousand cuts heart hips body love tryna find part didn't touch gave like bad drug i'm searching signs haunted club songs films united stand country guess lawless land quiet fears touch hand paper cut stings paper-thin plans time wine spirit trust tryna find part didn't take gave much wasn't enough i'll alright it's thousand cuts get drunk it's enough 'cause you're baby look windows love even though boarded chandelier's still flickering 'cause can't pretend it's okay it's it's it's death thousand cuts didn't touch tryna find part didn't touch body love trust it's death thousand cuts wasn't enough wasn't enough take long way home ask traffic lights it'll alright say \"i don't know\"78embed"
    },
    {
        "title": "London Boy",
        "lyrics": "119 contributorstranslationsукраїнськаmagyarslovenščinatürkçedeutschрусскийespañolсрпскиportuguêspolskifrançaisitalianolondon boy lyrics go drivin' scooter uh know 'round london oh i'd— love hometown much motown love socal know love springsteen faded blue jeans tennessee whiskey somethin' happened heard laughin' saw dimples first heard accent say \"home heart is\" that's mine lives know love london boy enjoy walkin' camden market afternoon likes american smile like child eyes meet darling fancy took back highgate met best mates guess rumors true know love london boy boy fancy ooh love high tea stories uni' west end find pub watchin' rugby school friends show gray sky rainy cab ride babes don't threaten good time see taylor swift liveget tickets low $932you might also like say \"home heart is\" god love english know love london boy enjoy nights brixton shoreditch afternoon likes american smile like child eyes meet darling fancy took back highgate met best mates guess rumors true know love london boy boy fancy please show hackney doesn't louis v bond street wanna wanna stick i'm queen like tennessee stella mccartney heath wanna wanna wanna oh woah know love london boy enjoy walkin' soho drinkin' afternoon yeah likes american smile like child eyes meet darling fancy took back highgate met best mates guess rumors true yeah know love london boy oh boy oh fancy fancy you; ooh please show hackney doesn't louis v bond street wanna ooh oh fancy oh woah-ah-ah ooh stick i'm queen like tennessee stella mccartney heath wanna ooh wanna fancy yeah fancy ah-ah ooh)46embed"
    },
    {
        "title": "Soon You'll Get Better",
        "lyrics": "101 contributorstranslationsукраїнськаslovenščinadeutschрусскийtürkçeespañolсрпскиportuguêspolskiitalianomagyarfrançaissoon you’ll get better lyrics buttons coat tangled hair doctor's office lighting didn't tell scared first time holy orange bottles night pray desperate people find faith pray jesus say ooh-ah soon you'll get better ooh-ah soon you'll get better ooh-ah you'll get better soon 'cause know delusion see mirror like nicer nurses make best bad deal pretend isn't real i'll paint kitchen neon i'll brighten sky know i'll never get there's day won't try say ooh-ah soon you'll get better ooh-ah soon you'll get better ooh-ah you'll get better soon 'cause see taylor swift liveget tickets low $932you might also like hate make supposed talk supposed there's won't go back normal ever it's years hoping keep saying 'cause ooh-ah you'll get better ooh-ah soon you'll get better ooh-ah you'll get better soon ooh-ah soon you'll get better ooh-ah soon you'll get better ooh-ah you'll get better soon 'cause to44embed"
    },
    {
        "title": "False God",
        "lyrics": "101 contributorstranslationsslovenščinadeutschрусскийукраїнськаtürkçeespañolсрпскиportuguêspolskiitalianomagyarfrançaisfalse god lyrics crazy think crazy think could work remember said i'd die stupid jump ocean separating us remember i’d fly can't talk you're like staring window like i’m favorite town i'm new york city still babe warned us times like say road gets hard get lost you're led blind faith blind faith might get away religion's lips even it's false god we'd still worship might get away altar hips even it's false god we'd still worship love we’d still worship love we’d still worship love see taylor swift liveget tickets low $932you might also like know heaven's thing go touch honey hell fight patch good make confessions we’re begging forgiveness got wine can't talk i'm like daring leave try scare you're west village still babe warned us times like say road gets hard get lost you’re led blind faith blind faith might get away religion's lips even it's false god we'd still worship might get away altar hips even it's false god we'd still worship love we'd still worship love we'd still worship love ah still worship love even it's false god even it's false god still worship love72embed"
    },
    {
        "title": "You Need To Calm Down",
        "lyrics": "208 contributorstranslationsespañolсрпскиportuguêspolskideutschitalianofrançaisفارسیnederlandsmagyarslovenščinatürkçeрусскийукраїнськаyou need calm lyrics somebody don't know you're takin' shots like it's patrón i'm like damn it's 7 say street that's knock-out say tweet that's cop-out i'm like \"hey okay?\" ain't tryna mess self-expression i've learned lesson stressin' obsessin' 'bout somebody else fun snakes stones never broke bones oh-oh oh-oh oh-oh oh-oh oh-oh need calm you're loud i'm like oh-oh oh-oh oh-oh oh-oh oh-oh oh need stop like step gown need calm somebody don't know you're comin' friends like missile mad could glaad could glaad sunshine street parade would rather dark ages makin' sign must've taken night see taylor swift liveget tickets low $932you might also like need take several seats try restore peace control urges scream people hate 'cause shade never made anybody less gay oh-oh oh-oh oh-oh oh-oh oh-oh need calm you're loud i'm like oh-oh oh-oh oh-oh oh-oh oh-oh oh need stop like step gown need calm see internet comparing girls killing figured know got crowns need calm oh-oh oh-oh oh-oh oh-oh oh-oh need calm need calm you're loud you're loud i'm like oh-oh oh-oh oh-oh oh-oh oh-oh oh need stop stop like step gowns need calm down124embed"
    },
    {
        "title": "Afterglow",
        "lyrics": "94 contributorstranslationsукраїнськаmagyarslovenščinatürkçedeutschрусскийfrançaisespañolсрпскиportuguêspolskiitalianoafterglow lyrics blew things proportion you're blue put jail something didn’t pinned hands behind back oh thought reason attack fighting true love boxing gloves chemistry 'til blows 'til there’s us why'd break love much it's face i'm blame need say hey it's head i'm one burned us it's meant sorry hurt don't wanna don’t wanna ooh don’t wanna lose don't wanna lose ooh need say hey it’s don't go meet afterglow it's excruciating see low wanna lift let go ultraviolet morning light tells love worth fight oh see taylor swift liveget tickets low $932you might also like lived like island punished silence went like sirens crying why'd break love much it’s face don't walk away need say hey it's head i'm one burned us it's meant i'm sorry hurt don't wanna don't wanna ooh don't wanna lose don't wanna lose ooh need say hey it's don't go meet afterglow tell you're still mine tell we'll fine even lose mind need say tell it's fault tell i'm want even break heart need say hey it's head i'm one burned us it's meant sorry hurt don't wanna don't wanna ooh don't wanna lose don't wanna lose ooh need say hey it's don't go meet afterglow66embed"
    },
    {
        "title": "ME!",
        "lyrics": "199 contributorstranslationsукраїнськаmagyarslovenščinatiếng việtрусскийdeutschtürkçeไทย / phasa thaimagyarсрпскиportuguêspolski한국어italianofrançaisnederlandsdanskme lyrics promise you'll never find another like know i'm handful baby uh know never think jump you're kinda guy ladies want there's lotta cool chicks know went psycho phone never leave well enough alone trouble's gonna follow go there's lotta cool chicks one things like others like rainbow colors baby doll comes lover promise you'll never find another like me-e-e ooh-ooh-ooh-ooh i'm one baby that's fun eeh-eeh-eeh ooh-ooh-ooh-ooh you're one baby that's fun promise nobody's gonna love like me-e-e see taylor swift liveget tickets low $932you might also like know tend make know never get see never bore baby there's lotta lame guys fight rain ran called name never wanna see walk away there's lotta lame guys 'cause one things like others livin' winter summer baby doll comes lover promise you'll never find another like me-e-e ooh-ooh-ooh-ooh i'm one let keep company eeh-eeh-eeh ooh-ooh-ooh-ooh you're one baby that's fun promise nobody's gonna love like me-e-e girl ain't \"i\" \"team\" know \"me\" strike band one two three promise you'll never find another like girl ain't \"i\" \"team\" know \"me\" can't spell \"awesome\" without \"me\" promise you'll never find another like me-e-e yeah ooh-ooh-ooh-ooh want ya baby i'm one i'm one baby that's fun baby that's fun eeh-eeh-eeh ooh-ooh-ooh-ooh oh you're one oh baby that's fun promise nobody's gonna love like me-e-e girl ain't \"i\" \"team\" ooh-ooh-ooh-ooh know \"me\" i'm one oh-oh baby that's fun eeh-eeh-eeh ooh-ooh-ooh-ooh strike band one two three can't spell \"awesome\" without \"me\" you're one yeah yeah baby that's fun promise nobody's gonna love like me-e-e124embed"
    },
    {
        "title": "It's Nice To Have A Friend",
        "lyrics": "96 contributorstranslationsslovenščinadeutschрусскийукраїнськаtürkçeespañolсрпскиportuguêspolskiitalianomagyarfrançaisit’s nice friend lyrics ooh ooh school bell rings walk home sidewalk chalk covered snow lost gloves give one \"wanna hang out?\" yeah sounds like fun video games pass note sleeping tents it's nice friend ooh it's nice friend ooh light pink sky roof sun sinks curfew twenty questions tell truth you've stressed lately yeah something gave nerve touch hand it's nice friend ooh it's nice friend ooh see taylor swift liveget tickets low $932you might also like church bells ring carry home rice ground looks like snow call bluff call \"babe\" back yeah every day feels like home stay bed whole weekend it's nice friend ooh it's nice friend ooh it's nice friend ooh ooh)52embed"
    },
    {
        "title": "Daylight",
        "lyrics": "145 contributorstranslationsmagyarslovenščinatürkçeукраїнськаsvenskadeutschрусскийespañolсрпскиportuguêspolskiitalianofrançaisdaylight lyrics love cruel cities lived everyone looked worse light many lines i've crossed unforgiven i'll tell truth never goodbye don't wanna look anything else saw don't wanna think anything else thought i've sleepin' long twenty-year dark night see daylight see daylight luck draw draws unlucky became butt joke wounded good trusted wicked clearin' air breathed smoke maybe ran wolves refused settle maybe i've stormed every single room town threw cloaks daggers it's morning it's brighter don't wanna look anything else saw never look away don't wanna think anything else thought things never i've sleepin' long twenty-year dark night i'm wide awake see daylight daylight see daylight daylight see taylor swift liveget tickets low $932you might also like see daylight daylight daylight daylight see daylight daylight daylight daylight still see mind intertwined believed love would black white it's golden golden still see head back forth new york sneakin' bed believed love would burnin' red it's golden like daylight like daylight like daylight daylight don't wanna look anything else saw never look away don't wanna think anything else thought things never i've sleepin' long twenty-year dark night i'm wide awake see daylight see daylight see daylight ah see daylight daylight daylight daylight see daylight daylight daylight daylight ah still see see daylight daylight daylight daylight still see back forth new york see daylight daylight daylight daylight believed love would burning red like daylight it's golden like daylight gotta step daylight let go let go let go wanna defined things love things hate things i'm afraid i'm afraid things haunt middle night think love63embed"
    }
]