[
    {
        "title": "Lavender Haze",
        "lyrics": "126 contributorstranslationsespañolfrançaisportuguês中文српскиmagyaritalianoукраїнськаtürkçenederlandssvenskadeutschmagyarελληνικάpolskiмонголрусскийไทย / phasa thaislovenščinalavender haze lyrics meet midnight staring ceiling oh don't ever say much don't really read melancholia scrutiny yeah oh yeah handle beautifully yeah oh yeah shit new yeah oh yeah feel lavender haze creeping surreal i'm damned give damn people say deal 1950s shit want wanna stay lavender haze keep asking keep asking i'm gonna bride kinda girl see kinda girl see one-night wife see taylor swift liveget tickets low $932you might also like find dizzying yeah oh yeah they're bringing history yeah oh yeah weren't even listening yeah oh yeah feel lavender haze creepin' surreal i'm damned give damn people say deal 1950s shit want wanna stay lavender haze lavender haze talk talk go viral need love spiral get chest get desk get desk talk talk go viral need love spiral get chest get desk feel feel lavender haze creeping surreal i'm damned give damn people say deal deal 1950s shit want wanna stay lavender haze get chest get desk lavender haze wanna stay wanna stay lavender haze40embed"
    },
    {
        "title": "Maroon",
        "lyrics": "148 contributorstranslationsespañoltürkçefrançais中文српскиitalianomagyarportuguêsnederlandsукраїнськаdeutsch日本語svenskaрусскийslovenščinapolskimaroon lyrics morning came cleaning incense vinyl shelf 'cause lost track time laughing feet lap like closest friend \"how'd end floor anyway?\" say \"your roommate's cheap-ass screw-top rosé that's how\" see every day chose one dancing new york shoes looked sky burgundy t-shirt splashed wine blood rushed cheeks scarlet mark thеy saw collarbone rust grew bеtween telephones lips used call home scarlet maroon silence came shaking blind hazy hell lose sight us sobbing head hands ain't way shit always ends standing hollow-eyed hallway carnations thought roses that's us feel matter rubies gave see taylor swift liveget tickets low $932you might also like lost one dancing new york shoes looked sky maroon burgundy t-shirt splashed wine blood rushed cheeks scarlet maroon mark saw collarbone rust grew telephones lips used call home scarlet maroon wake memory that's real fucking legacy legacy maroon wake memory that's real fucking legacy leave burgundy t-shirt splashed wine blood rushed cheeks scarlet maroon mark saw collarbone rust grew telephones lips used call home scarlet maroon maroon maroon40embed"
    },
    {
        "title": "Anti-Hero",
        "lyrics": "208 contributorstranslationsportuguêsespañoltürkçefrançais中文nederlandsdeutschไทย / phasa thaiitalianosvenskaукраїнськасрпскиbahasa indonesiaрусскийslovenščinaportuguês한국어polskianti-hero lyrics thing get older never wiser midnights become afternoons depression works graveyard shift people i've ghosted stand room left devices come prices vices end crisis tale old time wake screaming dreaming one day i'll watch you're leaving 'cause got tired scheming last time it's hi i'm problem it's teatime everybody agrees i'll stare directly sun never mirror must exhausting always rooting anti-hero sometimes feel like everybody sexy baby i'm monster hill big hang slowly lurching toward favorite city pierced heart never killed see taylor swift liveget tickets low $932you might also like hear covert narcissism disguise altruism like kind congressman tale old time wake screaming dreaming one day i'll watch you're leaving life lose meaning last time it's hi i'm problem it's i'm problem it's teatime everybody agrees i'll stare directly sun never mirror must exhausting always rooting anti-hero dream daughter-in-law kills money thinks left family gathers 'round reads someone screams \"she's laughing us hell\" it's hi i'm problem it's it's hi i'm problem it's it's hi everybody agrees everybody agrees it's hi hi i'm problem it's i'm problem it's teatime teatime everybody agrees everybody agrees i'll stare directly sun never mirror must exhausting always rooting anti-hero74embed"
    },
    {
        "title": "Snow On The Beach",
        "lyrics": "153 contributorstranslationsportuguêsespañol中文magyarไทย / phasa thaiitalianoсрпскиfrançaistürkçedeutschnederlandssvenskaукраїнськамонголрусскийslovenščinapolskisnow beach lyrics one night moons ago saw flecks could've lights might passing unbeknownst life emotionally abusive time can't stop quite like flight awful thanks asking i'm unglued thanks it's like snow beach weird fuckin' beautiful flying dream stars pocketful wanting tonight feels impossible it's comin' sound it's around like snow beach like snow beach like snow beach like snow ah see taylor swift liveget tickets low $932you might also like scene feels like saw screen searched \"aurora borealis green\" i've never seen someone lit within blurring periphery smile like won contest hide would dishonest it's fine fake 'til make 'til 'til it's true it's like snow beach weird fuckin' beautiful flying dream stars pocketful wanting tonight feels impossible it's comin' sound it's around like snow beach like snow beach like snow beach like snow ah can't can't speak afraid jinx don't don't even dare wish eyes flying saucers another planet i'm like janet real thing falling like snow beach snow beach weird fuckin' beautiful flying dream flying dream stars pocketful wanting wanting tonight feels impossible it's comin' sound it's around like snow beach snow beach like snow beach flying dream like snow beach wanting like snow ah it's comin' sound it's around like snow beach it's comin' it's comin' it's comin' it's comin' like snow beach it's comin' it's comin' it's comin' it's comin' it's comin' it's comin' it's comin' it's comin' it's comin' it's comin' it's comin' it's comin' down)38embed"
    },
    {
        "title": "You're On Your Own, Kid",
        "lyrics": "157 contributorstranslationsespañolfrançaisсрпскиtürkçe中文magyarportuguêsnederlandsitalianoукраїнськаpolskislovenščinadeutschالعربيةмонголрусский日本語svenskaукраїнськаyou’re kid lyrics summer went away still yearning stays play cool best wait patiently he's gonna notice it's okay we're best friends anyway hear voice you're smoking boys touch phone it's face didn't choose town dream getting there's one could make stay days sprinkler splashes fireplace ashes waited ages see search party better bodies learn never cared you're kid always see great escape long daisy may picked petals loves something different bloomed writing room play songs parking lot i'll run away see taylor swift liveget tickets low $932you might also like sprinkler splashes fireplace ashes called taxi take search party better bodies learn dreams aren't rare you're kid always sprinkler splashes fireplace ashes gave blood sweat tears hosted parties starved body like i'd saved perfect kiss jokes weren't funny took money friends home don't know say looked around blood-soaked gown saw something can't take away 'cause pages turned bridges burned everything lose step take make friendship bracelets take moment taste you've got reason afraid you're kid yeah face you're kid always been44embed"
    },
    {
        "title": "Midnight Rain",
        "lyrics": "118 contributorstranslationsespañol中文türkçeportuguêsmagyarnederlandsсрпскиitalianofrançaispolskiрусскийsvenskaукраїнськаไทย / phasa thaislovenščinadeutschmidnight rain lyrics rain wanted comfortable wanted pain wanted bride making name chasing fame stayed changed like midnight town wasteland full cages full fences pageant queens big pretenders paradise boy montage slow-motion love potion jumping things ocean broke heart 'cause nice sunshine midnight rain wanted comfortable wanted pain wanted bride making name chasing fame stayed changed like midnight came like postcard picture perfect shiny family holiday peppermint candy it's every day peered window deep portal time travel love unravel life gave away 'cause sunshine midnight rain see taylor swift liveget tickets low $932you might also like wanted comfortable wanted pain wanted bride making name chasing fame stayed changed like midnight rain wanted comfortable wanted pain wanted bride making name chasing fame stayed changed like midnight guess sometimes get wanted wanted never thinks except i'm tv guess sometimes get kind haunted kind haunted never think except midnights like midnights like midnights like this)31embed"
    },
    {
        "title": "Question...?",
        "lyrics": "88 contributorstranslationsespañolportuguêstürkçefrançais中文српскиitalianomagyarnederlandspolskiрусскийsvenskaукраїнськаslovenščinadeutschquestion lyrics remember good girl sad boy big city wrong choices one thing goin' swear somethin' 'cause don't remember painted nights color i've searched since one thing another fuckin' situations circumstances miscommunications say way may like explanations ask question ever someone kiss crowded room every single one friends makin' fun fifteen seconds later thеy clappin' lеave house middle night oh wish you'd put fight oh said much wish could still touch it's question see taylor swift liveget tickets low $932you might also like half-moon eyes bad surprise realize time mind dickhead guy saw night somethin' one drink another fuckin' politics gender roles you're sure don't know got swept away gray may like conversation ask question ever someone kiss crowded room every single one friends makin' fun fifteen seconds later clappin' leave house middle night oh wish you'd put fight oh said much wish could still touch it's question feel like everything's like second best meteor strike what's heard you're still that's nice i'm sure that's what's suitable right tonight ask question ask question ever someone kiss crowded room crowded room every single one friends makin' fun makin' fun fifteen seconds later clappin' leave house middle night oh wish you'd put fight oh fight said much wish could still touch it's question23embed"
    },
    {
        "title": "Vigilante Shit",
        "lyrics": "137 contributorstranslationsespañoltürkçeсрпскиportuguêsfrançaispolski中文italianonederlandsрусскийsvenskaукраїнськаslovenščinadeutschvigilante shit lyrics draw cat eye sharp enough kill man bad things i'm worst sometimes wonder one'll last lie say looks kill might try don't dress women don't dress men lately i've dressin' revenge don't start shit tell ends don't get sad get even weekends don't dress friends lately i've dressin' revenge needed cold hard proof gave envelope think got gets house gets kids gets pride picture thick thieves ex-wife looks pretty drivin' benz lately she's dressin' revenge see taylor swift liveget tickets low $932you might also like don't start shit tell ends don't get sad get even weekends don't dress friends lately she's dressin' revenge ladies always rise ladies know people want someone sweet kind fun lady simply enough doin' lines crossin' mine someone told white-collar crimes fbi don't dress villains innocents i'm vigilante shit don't start shit tell ends don't get sad get even weekends don't dress friends lately i've dressin' revenge34embed"
    },
    {
        "title": "Bejeweled",
        "lyrics": "111 contributorstranslationstürkçefrançaishrvatskiportuguês中文magyarespañolitalianonederlandspolskisvenskaукраїнськамонголрусскийहिन्दीslovenščinadeutschbejeweled lyrics baby love think i've little kind didn't notice walkin' peace mind shoes gave present puttin' someone first works you're top five way i'm goin' tonight best believe i'm still bejeweled walk room still make whole place shimmer meet band ask \"do man?\" could still say \"i don't remember\" familiarity breeds contempt don't put mе basement whеn want penthouse heart diamonds eyes polish real polish real nice nice baby boy think i've good girl good girl extra credit got graded curve think it's time teach lessons made world huh heard huh reclaim land miss miss miss sparklin' nice see taylor swift liveget tickets low $932you might also like best believe i'm still bejeweled walk room still make whole place shimmer meet band ask \"do man?\" could still say \"i don't remember\" familiarity breeds contempt don't put basement want penthouse heart diamonds eyes polish real polish real nice nice sapphire tears face sadness became whole sky guy said aura's moonstone 'cause high we're dancin' night try change mind might wait line what's girl gonna diamond's gotta shine best believe i'm still bejeweled walk room still make whole place shimmer shimmer meet band ask \"do man?\" could still say \"i don't remember\" familiarity breeds contempt don't put basement want penthouse heart diamonds eyes polish real nice polish real nice we're dancin' night try change mind might wait line what's girl gonna what's girl gonna polish nice best believe i'm still bejeweled walk room still make whole place shimmer34embed"
    },
    {
        "title": "Labyrinth",
        "lyrics": "83 contributorstranslationsfrançaisсрпскиportuguês中文magyarnederlandstürkçeespañolpolskiitalianosvenskaslovenščinadeutschмонголрусскийукраїнськаlabyrinth lyrics \"it hurts much right now\" thinkin' whole time breathe breathe breathe deep breathe i'll gettin' whole life know scared elevators never trust rises fast can't last uh-oh i'm fallin' love oh i'm fallin' love oh i'm fallin' love thought plane goin' how'd turn right around feels raw right lost labyrinth mind break break free break break would break back make break smile know much hate everybody expects bounce back like see taylor swift liveget tickets low $932you might also like uh-oh i'm fallin' love oh i'm fallin' love oh i'm fallin' love thought plane goin' how'd turn right around uh-oh i'm fallin' love oh i'm fallin' love oh i'm fallin' love thought plane goin' how'd turn right around uh-oh i'm fallin' love oh i'm fallin' love oh i'm fallin' love thought plane goin' how'd turn right around uh-oh i'm fallin' love oh i'm fallin' love oh i'm fallin' love thought plane goin' how'd turn right around?22embed"
    },
    {
        "title": "Karma",
        "lyrics": "121 contributorstranslationsportuguêsсрпскиespañol中文deutschmagyarfrançaistürkçenederlandsitalianoрусскийsvenskaукраїнськаslovenščinaไทย / phasa thaipolskiмонголkarma lyrics you're talking shit hell addicted betrayal you're relevant you're terrified look 'cause dare you'll see glare everyone burned get it's coming back around keep side street clean wouldn't know mean 'cause karma boyfriend karma god karma breeze hair weekend karma's relaxing thought aren't envious it's sweet like honey karma cat purring lap 'cause loves flexing like goddamn acrobat karma vibe like spiderboy king thieves weave little webs opacity pennies made crown trick trick twice don't know cash ain't price it's coming back around see taylor swift liveget tickets low $932you might also like keep side street clean wouldn't know mean 'cause karma boyfriend karma god karma breeze hair weekend karma's relaxing thought aren't envious it's sweet like honey karma cat purring lap 'cause loves flexing like goddamn acrobat karma vibe like ask learned years ask earned tears ask many fade i'm still i'm still i'm still 'cause karma thunder rattling ground karma's scent like bounty hunter karma's gonna track step step town town sweet like justice karma queen karma takes friends summit karma guy screen coming straight home 'cause karma boyfriend karma boyfriend karma god karma breeze hair weekend weekend karma's relaxing thought aren't envious it's sweet like honey karma cat purring lap 'cause loves flexing like goddamn acrobat karma vibe like karma boyfriend karma god ah uh-huh mm karma's relaxing thought34embed"
    },
    {
        "title": "Sweet Nothing",
        "lyrics": "124 contributorstranslationstürkçeespañolfrançaisitalianoсрпскиportuguês中文nederlandsмонголрусскийsvenskaукраїнськаslovenščinadeutschpolskisweet nothing lyrics spy little tired eye tiny firefly pebble picked last july deep inside pocket almost forgot ever miss wicklow sometimes ooh ooh said end comin' everyone’s somethin' find runnin' home sweet nothings outside they’re push shovin' you're kitchen hummin' ever wanted sweet nothin' way home wrote poem say \"what mind\" happens time ooh ooh 'causе said end comin' evеryone's somethin’ find runnin’ home sweet nothings outside they're push shovin’ you're kitchen hummin' ever wanted nothin' see taylor swift liveget tickets low $932you might also like industry disruptors soul deconstructors smooth-talking hucksters glad-handing voices implore \"you more\" admit i’m soft ooh said end comin' everyone's somethin' find runnin' home sweet nothings outside they're push shovin' you're kitchen hummin' ever wanted sweet nothin' said end comin' said end comin' everyone's somethin' everyone's somethin' find runnin' home sweet nothings outside they're push shovin' outside they're push shovin' you're kitchen hummin' you're kitchen hummin' ever wanted sweet nothin'30embed"
    },
    {
        "title": "Mastermind",
        "lyrics": "121 contributorstranslationsespañolportuguêsmagyarсрпскиfrançais中文italianotürkçenederlandsไทย / phasa thaideutschpolskiмонголрусскийsvenskaукраїнськаmastermind lyrics upon time planets fates stars aligned ended room time touch hand lit fuse chain reaction countermoves assess equation checkmate couldn't lose told none accidental first night saw nothing gonna stop laid groundwork like clockwork dominoes cascaded line told i'm mastermind you're mine dеsign 'cause i'm mastermind see wisеst women way 'cause born pawn every lover's game see taylor swift liveget tickets low $932you might also like fail plan plan fail strategy sets scene tale i'm wind free-flowing sails liquor cocktails told none accidental first night saw knew wanted body laid groundwork like clockwork dominoes cascaded line told i'm mastermind you're mine design 'cause i'm mastermind one wanted play little kid i've scheming like criminal ever since make love make seem effortless first time i've felt need confess swear i'm cryptic machiavellian 'cause care told none accidental first night saw nothing gonna stop laid groundwork saw wide smirk face knew entire time knew i'm mastermind you're mine yeah smile 'cause i'm mastermind26embed"
    }
]