[
    {
        "title": "State of Grace",
        "lyrics": "77 contributorstranslationscatalàtürkçefrançaisespañolportuguêsstate grace lyrics i'm walking fast traffic lights busy streets busy lives know touch go alone changing minds fall love 'til hurts bleeds fades time never never saw coming i’ll never never come around armor falls pierce room like cannonball know don’t let go alone room slates clean twin fire signs four blue eyes never saint i've loved shades wrong learn live pain mosaic broken hearts love brave wild see taylor swift liveget tickets low $932you might also like never never saw coming i’ll never never state grace worthwhile fight love ruthless game unless play good right hands fate you’re achilles heel golden age something good right real never never saw coming i’ll never never never saw coming i’ll never never saint i've loved shades wrong learn live pain mosaic broken hearts love brave wild state grace worthwhile fight love ruthless game unless play good right48embed"
    },
    {
        "title": "Red",
        "lyrics": "74 contributorstranslationscatalàfrançaisespañolportuguêsred lyrics loving like driving new maserati dead-end street faster wind passionate sin ending suddenly loving like trying change mind you're already flying free fall like colors autumn bright lose losing blue like i'd never known missing dark gray alone forgetting like trying know somebody you've never met loving red red red red red loving red red red red red touching like realizing ever wanted right front memorizing easy knowing words old favorite song fighting like trying solve crossword realizing there's right answer regretting like wishing never found love could strong losing blue like i'd never known missing dark gray alone whoa forgetting like trying know somebody you've never met loving red see taylor swift liveget tickets low $932you might also like red red oh red red red burning red red red red red remembering comes flashbacks echoes tell it's time gotta let go moving impossible still see head burning red burning red oh losing blue like i'd never known missing dark gray alone whoa forgetting like trying know somebody you've never met 'cause loving red red red yeah yeah red red red burning red red red red red that's red red he's spinning 'round head comes back red red burning red red red yeah yeah red red love like driving new maserati dead-end street104embed"
    },
    {
        "title": "Treacherous",
        "lyrics": "66 contributorstranslationscatalàfrançaisespañolportuguêstreacherous lyrics put lips close mine long don't touch focus eye eye 'til gravity's much i'll anything say say hands i'd smart walk away you're quicksand slope treacherous path reckless slope treacherous i-i-i like can't decide it's choice getting swept away hear sound voice asking stay skin bone trained get along forever going flow you're friction see taylor swift liveget tickets low $932you might also like slope treacherous path reckless slope treacherous like two headlights shine sleepless night get get alone name echoed mind think think know nothing safe worth drive would follow follow home i'll follow follow home hope treacherous daydream dangerous hope treacherous i-i-i i-i-i i-i-i two headlights shine sleepless night get get alone name echoed mind think think know nothing safe worth drive would follow follow home i'll follow follow home i'll follow follow home i'll follow follow home slope treacherous i-i-i like it31embed"
    },
    {
        "title": "I Knew You Were Trouble",
        "lyrics": "130 contributorstranslationsespañolportuguêsfrançaiscatalàdeutschi knew trouble lyrics upon time mistakes ago sights got alone found found found me-e-e-e-e guess didn't care guess liked fell hard took step back without without without me-e-e-e-e he's long gone he's next realize blame 'cause knew trouble walked shame flew places i'd never 'til put oh knew trouble walked shame flew places i'd never i'm lying cold hard ground see taylor swift liveget tickets low $932you might also like oh oh-oh trouble trouble trouble oh oh-oh trouble trouble trouble apologies he'll never see cry pretends doesn't know he's reason you're drowning you're drowning you're drowning-ing-ing-ing-ing heard moved whispers street new notch belt i'll ever see see see-e-e-e-e long gone met realize joke yeah knew trouble walked oh shame flew places i'd never 'til put oh knew trouble walked shame flew places i'd never yeah i'm lying cold hard ground oh oh-oh trouble trouble trouble yeah trouble oh oh-oh trouble trouble trouble saddest fear comes creeping never loved anyone anything yeah knew trouble walked shame flew places i'd never never 'til put oh knew trouble walked knew right shame knew right flew places i'd never ooh i'm lying cold hard ground oh oh-oh trouble trouble trouble oh oh oh-oh trouble trouble trouble knew trouble walked trouble trouble trouble knew trouble walked trouble trouble trouble 113embed"
    },
    {
        "title": "All Too Well",
        "lyrics": "152 contributorstranslationscatalàpolskifrançaisespañolсрпскиportuguêsفارسیall well lyrics walked door air cold something 'bout felt like home somehow left scarf sister's house you've still got drawer even oh sweet disposition wide-eyed gaze we're singing car getting lost upstate autumn leaves falling like pieces place picture days know it's long gone magic's might okay i'm fine oh oh oh 'cause little town street almost ran red 'cause lookin' wind hair remember well photo album counter cheeks turning red used little kid glasses twin-sized bed mother's telling stories 'bout tee-ball team taught 'bout past thinking future see taylor swift liveget tickets low $932you might also like know it's long gone nothing else could forget long enough forget needed 'cause middle night we're dancing ‘round kitchen refrigerator light stairs remember well yeah well maybe got lost translation maybe asked much maybe thing masterpiece 'til tore running scared remember well call break like promise casually cruel name honest i'm crumpled piece paper lying 'cause remember well time won't fly it's like i'm paralyzed i'd like old self i'm still trying find plaid shirt days nights made mail back things walk home alone keep old scarf first week 'cause reminds innocence smells like can't get rid 'cause remember well yeah 'cause loved back lost one real thing you've ever known rare remember well wind hair remember stairs remember rare remember well148embed"
    },
    {
        "title": "22",
        "lyrics": "94 contributorstranslationsespañolportuguêscatalàdeutschfrançais22 lyrics feels like perfect night dress like hipsters make fun exes uh-uh uh-uh feels like perfect night breakfast midnight fall love strangers uh-uh uh-uh yeah we're happy free confused lonely time it's miserable magical oh yeah tonight's night forget deadlines it's time oh-oh don't know i'm feeling twenty-two everything alright keep next don't know i'll bet want everything alright keep dancing like we're twenty-two twenty-two see taylor swift liveget tickets low $932you might also like seems like one nights place crowded many cool kids uh-uh uh-uh who's taylor swift anyway ew seems like one nights ditch whole scene end dreamin' instead sleeping yeah we're happy free confused lonely best way it's miserable magical oh yeah tonight's night forget heartbreaks it's time oh-oh hey don't know i'm feeling twenty-two everything alright ooh keep next don't know i'll bet want everything alright alright keep dancing like we're twenty-two oh-oh-oh-oh oh twenty-two don't know twenty-two twenty-two ooh feels like one nights ditch whole scene feels like one nights won't sleepin' feels like one nights look like bad news gotta gotta woah ooh yeah eh-yeah hey don't know don't know i'm feeling twenty-two everything alright ooh keep next don't know don't know i'll bet want everything alright keep dancing like we're dancing like we're twenty-two twenty-two woah-oh twenty-two dancing like twenty-two yeah yeah twenty-two yeah yeah yeah feels like one nights twenty-two ditch whole scene feels like one nights twenty-two won't sleeping feels like one nights twenty-two look like bad news gotta gotta you90embed"
    },
    {
        "title": "I Almost Do",
        "lyrics": "48 contributorstranslationscatalàfrançaisportuguêsi almost lyrics bet time night you’re still bet you’re tired long hard week bet you’re sittin' chair window looking city bet sometimes wonder 'bout wanna tell takes everything call wish could run hope know every time don’t almost almost bet think either moved hate ‘cause time reach there’s reply bet never ever occurred can’t say hello risk another goodbye wanna tell takes everything call wish could run hope know every time don’t almost almost see taylor swift liveget tickets low $932you might also like oh made quite mess babe it’s probably better way confess babe dreams you’re touching face asking want try almost wanna tell takes everything call wish could run hope know every time don’t almost almost bet time night you’re still bet you’re tired long hard week bet you’re sittin' chair window looking city hope sometimes wonder 'bout me20embed"
    },
    {
        "title": "We Are Never Ever Getting Back Together",
        "lyrics": "113 contributorstranslationsespañolportuguêsfrançaisdeutschcatalàwe never ever getting back together lyrics remember broke first time saying \"this i've enough,\" 'cause like hadn't seen month said needed space come around say \"baby miss swear i'm gonna change trust me\" remember lasted day say \"i hate you,\" break call \"i love you\" ooh-ooh-ooh-ooh-ooh called last night ooh-ooh-ooh-ooh-ooh time i'm telling i'm telling never ever ever getting back together never ever ever getting back together go talk friends talk friends talk never ever ever ever getting back together like ever i'm really gonna miss picking fights falling screaming i'm right would hide away find peace mind indie record that's much cooler mine see taylor swift liveget tickets low $932you might also like ooh-ooh-ooh-ooh-ooh called tonight ooh-ooh-ooh-ooh-ooh time i'm telling i'm telling never ever ever getting back together never ever ever getting back together go talk friends talk friends talk talk never ever ever ever getting back together ooh-ooh-ooh-ooh-ooh yeah ooh-ooh-ooh-ooh-ooh-ooh yeah ooh-ooh-ooh-ooh-ooh yeah oh-oh-oh used think forever ever used say \"never say never\" ugh calls he's like \"i still love you\" i'm like \"i mean exhausting know like never getting back together like ever\" never ever ever getting back together never ever ever ooh getting back together go talk friends talk friends talk never ever ever ever getting back together ooh-ooh-ooh-ooh-ooh ooh-ooh-ooh getting back together ooh-ooh-ooh-ooh-ooh oh oh getting back together yeah go talk friends talk friends talk talk never ever ever ever getting back together76embed"
    },
    {
        "title": "Stay Stay Stay",
        "lyrics": "60 contributorstranslationsfrançaisespañolportuguêscatalàstay stay stay lyrics i'm pretty sure almost broke last night threw phone across room expecting dramatic turn away stayed morning said talk 'cause read never leave fight unresolved that's came wearing football helmet said \"okay let's talk\" said stay stay stay i've loving quite time time time think it's funny i'm mad mad mad think it's best stay i'd dated self-indulgent takers took problems carry groceries i'm always laughing love given choice stay stay stay i've loving quite time time time think it's funny i'm mad mad mad think it's best stay stay stay stay see taylor swift liveget tickets low $932you might also like took time memorize fears hopes dreams like hanging time times didn't leave it's occurring i'd like hang whole life stay i'll loving quite time one else gonna love get mad mad mad think it's best stay stay stay stay stay stay stay stay stay i've loving quite time time time think it's funny i'm mad mad mad think it's best stay stay stay stay stay stay stay stay stay i've loving quite time time time think it's funny i'm mad mad mad think it's best stay ha-ha-ha it's fun)15embed"
    },
    {
        "title": "The Last Time",
        "lyrics": "57 contributorstranslationsfrançaisespañolportuguêscatalàthe last time lyrics find door like times i’m sure got roads lead imagine home room alone open eyes mine everything feels better right eyes i'm breaking past reasons last time i'm asking put name top list last time i'm asking break heart blink eye eye eye find door like times wear best apology watch leave times let go disappear come back everything better see taylor swift liveget tickets low $932you might also like right eyes i'm aching run fast nowhere hide last time i'm asking put name top list last time i'm asking break heart blink eye eye eye last time tell i've got wrong last time say it's along last time let door last time won't hurt anymore oh-ho oh-ho oh-ho oh-ho oh-ho oh-ho oh-ho oh-ho last time i'm asking put name top list last time i'm asking break heart blink eye last time i'm asking last time i'm asking put name top list put name top list last time i'm asking last time i'm asking break heart blink eye break heart last time i'm asking last time i'm asking last time i'm asking last time i'm asking last time i'm asking last time i'm asking last time i'm asking last time i'm asking last time i'm asking last time i'm asking last time i'm asking last time i'm asking this31embed"
    },
    {
        "title": "Holy Ground",
        "lyrics": "56 contributorstranslationsespañolportuguêsfrançaistürkçecatalàholy ground lyrics reminiscing day coffee alone lord took away back first-glance feeling new york time back fit poems like perfect rhyme took faster green light go hey skip conversation already know left note door joke we'd made first day darling good never looking right stood holy ground spinning like girl brand new dress big wide city blocked noise sound \"i need you\" first time something lose guess fell apart usual way story's got dust every page sometimes wonder think see face every crowd see taylor swift liveget tickets low $932you might also like 'cause darling good never looking right stood holy ground tonight i'm gonna dance we've don't wanna dance i'm dancing tonight i'm gonna dance like room don't wanna dance i'm dancing good never looking right stood holy ground tonight i'm gonna dance we've don't wanna dance i'm dancing tonight i'm gonna dance like room don't wanna dance i'm dancing you27embed"
    },
    {
        "title": "Sad Beautiful Tragic",
        "lyrics": "67 contributorstranslationscatalàespañolportuguêsfrançaissad beautiful tragic lyrics long handwritten note deep pocket words little mean you're little late stood right tracks face locket good girls hopeful they'll long wait beautiful magic love sad beautiful tragic love affair dreams meet warm conversation wake lonely beds different cities time taking sweet time erasing you've got demons darling look like 'cause beautiful magic love sad beautiful tragic love affair distance timing breakdown fighting silence train runs tracks kiss try fix could try listen hang give life us can't get back see taylor swift liveget tickets low $932you might also like beautiful magic love sad beautiful tragic beautiful tragic beautiful beautiful magic love sad beautiful tragic love affair beautiful magic love sad beautiful tragic love affair20embed"
    },
    {
        "title": "The Lucky One",
        "lyrics": "81 contributorstranslationsespañolfrançaisportuguêsthe lucky one lyrics new town made-up name angel's city chasing fortune fame camera flashes make look like dream figured since school everybody loves pretty everybody loves cool overnight look like sixties queen another name goes lights like diamonds sky they’ll tell you’re lucky one yeah they’ll tell you’re lucky one tell you’re lucky one oh oh oh it’s big black cars riviera views lover foyer doesn’t even know secrets end splashed news front page tell you’re lucky you’re confused 'cause don’t feel pretty feel used young things line take place see taylor swift liveget tickets low $932you might also like another name goes lights wonder you’ll make alive they’ll tell you’re lucky one yeah they’ll tell you’re lucky one tell you’re lucky one oh oh oh years later showed still tell legend disappeared took money dignity got hell say bought bunch land somewhere chose rose garden madison square took time understand 'cause name lights think got right let tell you’re lucky one let tell you’re lucky one let tell you’re lucky one oh oh oh they’ll tell you’re lucky one yeah they’ll tell you’re lucky one they’ll tell you’re lucky one oh oh oh oh whoa oh oh32embed"
    },
    {
        "title": "Everything Has Changed",
        "lyrics": "70 contributorstranslationsespañolportuguêsfrançaiseverything changed lyrics good go knew morning woke know something know something didn't i've seen since 18 hours ago green eyes freckles smile back mind making feel like wanna know better know better know better wanna know better know better know better wanna know better know better know better wanna know know know 'cause know said \"hello\" eyes look like coming home know simple name everything changed know held door you'll mine i'll know since yesterday everything changed see taylor swift liveget tickets low $932you might also like walls stood tall painted blue i'll take 'em take 'em open door feel stomach butterflies beautiful kind making lost time taking flight making feel right wanna know better know better know better wanna know better know better know better wanna know better know better know better wanna know know know 'cause know said \"hello\" eyes look like coming home know simple name everything changed know held door you'll mine i'll know since yesterday everything changed come back tell i'm feeling like i've missed time meet tonight let know it's mind wanna know better know better know better wanna know know know 'cause know said \"hello\" eyes look like coming home know simple name everything changed know held door you'll mine i'll know since yesterday everything changed know said \"hello\" dust highest hopes know pouring rain everything changed know new found grace days i'll know face know since yesterday everything changed73embed"
    },
    {
        "title": "Starlight",
        "lyrics": "49 contributorstranslationsespañolsvenskafrançaisportuguêsstarlight lyrics said \"oh marvelous tune\" best night never would forget moved whole place dressed nines dancing dancing like we're made starlight like we're made starlight met bobby boardwalk summer '45 picked late one night window 17 crazy running wild wild can't remember song playing walked night snuck yacht club party pretending duchess prince said \"oh marvelous tune\" best night never would forget moved whole place dressed nines dancing dancing like we're made starlight starlight like we're made starlight starlight said “look worrying much things can't change you'll spend whole life singing blues keep thinking way\" trying skip rocks ocean saying \"don't see starlight starlight don't dream impossible things?\" see taylor swift liveget tickets low $932you might also like like \"oh marvelous tune\" best night never would forget moved whole place dressed nines dancing dancing like we're made starlight starlight like we're made starlight starlight ooh-ooh he's talking crazy ooh-ooh dancing ooh-ooh could get married ten kids teach 'em dream oh marvelous tune best night never would forget moved whole place dressed nines dancing dancing like we're made starlight starlight like we're made starlight starlight like we're made starlight starlight like dream impossible dreams like starlight starlight like dream impossible dreams don't see starlight starlight don't dream impossible things?26embed"
    },
    {
        "title": "Begin Again",
        "lyrics": "70 contributorstranslationsfrançaisespañolportuguêsbegin lyrics took deep breath mirror didn't like wore high heels turn lock put headphones always said didn't get song walked expecting you'd late got early stand wave walk pull chair help don't know nice throw head back laughin' like little kid think it's strange think i'm funny 'cause never i've spending last eight months thinkin' love ever break burn end wednesday café watched begin said never met one girl many james taylor records tell stories don't know i'm comin' little shy see taylor swift liveget tickets low $932you might also like throw head back laughin' like little kid think it's strange think i'm funny 'cause never i've spending last eight months thinkin' love ever break burn end wednesday café watched begin walked block car almost brought start talk movies family watches every single christmas wanna talk first time what's past past 'cause throw head back laughin' like little kid think it's strange think i'm funny 'cause never i've spending last eight months thinkin' love ever break burn end wednesday café watched begin hmm hmm wednesday café watched begin again40embed"
    },
    {
        "title": "The Moment I Knew",
        "lyrics": "52 contributorstranslationsfrançaisespañolportuguêsthe moment knew lyrics should've should've burst door \"baby i'm right here\" smile would've felt like million little shining stars aligned would've happy christmas lights glisten i've got eye door waiting walk time ticking people ask i've comb back memory said you'd said you'd like slow motion standing party dress red lipstick one impress they're laughing i'm looking around room one thing missing moment knew see taylor swift liveget tickets low $932you might also like hours pass wanna alone close friends always seem know there's something really wrong follow hall bathroom try fall apart sinking feeling starts say hopelessly \"he said he'd here\" like slow motion standing party dress red lipstick one impress they're laughing asking one thing missing missing moment knew say tears streaming face front everyone know one means one didn't show should've would've happy like slow motion standing party dress red lipstick one impress they're standing around singing \"happy birthday you\" one thing missing moment knew oh-oh-oh-oh-oh-oh-oh knew oh-oh-oh-oh-oh-oh-oh called later said \"i'm sorry didn't make it\" said \"i'm sorry too\" moment knew21embed"
    },
    {
        "title": "Come Back... Be Here",
        "lyrics": "47 contributorstranslationsfrançaisespañolportuguêscome back lyrics said simple way 4 a.m second day strange don't know stumbled long goodbye one last kiss catch flight right fall told don't get attached mind play back spinning faster plane took feeling sinks don't wanna miss like come back come back guess you're new york today don't wanna need way come back come back delicate beginning rush feeling know much without knowing anything put known know never would've played nonchalant see taylor swift liveget tickets low $932you might also like taxi cabs busy streets never bring back can't help wish took feeling sinks don't wanna miss like come back come back guess you're london today don't wanna need way come back come back falling love cruelest way falling worlds away new york you're london break 'cause it's fair you're around feeling sinks don't wanna miss like come back come back guess you're new york today don't wanna need way come back come back oh-oh oh-oh don't wanna miss like oh-oh oh-oh come back come back here20embed"
    },
    {
        "title": "Girl at Home",
        "lyrics": "42 contributorstranslationsespañolfrançaisportuguêsgirl home lyrics don't look got girl home everybody knows everybody knows ah-ah don't look got girl home everybody knows don't even know feel responsibility what's upstanding right it's kinda like code yeah you've getting closer closer crossing many lines would fine proposition stupid girl honey one's exception previously learned don't look got girl home everybody knows everybody knows ah-ah don't look got girl home everybody knows everybody knows see turn phone you've got alone say don't look got girl home everybody knows everybody knows see taylor swift liveget tickets low $932you might also like want make sure understand perfectly you're kind man makes sad waits chase newest thing take granted would fine proposition stupid girl yeah might go hadn't like don't look got girl home everybody knows everybody knows ah-ah don't look got girl home everybody knows everybody knows see turn phone you've got alone say don't look got girl home everybody knows everybody knows oh-oh-oh oh-oh-oh oh-oh-oh oh-oh-oh call cab lose number you're lose girl call cab lose number let's consider lesson learned don't look got girl home everybody knows everybody knows ah-ah don't look got girl home everybody knows everybody knows want see pick phone tell you're coming home don't look got girl home everybody knows everybody knows don't look got girl home everybody knows everybody knows would fine proposition hadn't like her17embed"
    }
]