[
    {
        "title": "...Ready for It?",
        "lyrics": "229 contributorstranslationsfrançaisespañolportuguêspolskiitalianodeutschрусскийукраїнськасрпскиmagyarไทย / phasa thaislovenščina...ready lyrics knew killer first time saw wondered many girls loved left haunted he's ghost phantom holdin' ransom boys tryin' hard don't try though younger exes act like man see nothin' better keep forever like vendetta-ta see gon' go touch you'll never alone i-island breeze lights low one know middle night dreams see things baby mmm middle night dreams know i'm gonna take time ready knew robber first time saw stealin' hearts runnin' never sayin' sorry i'm thief join heist we'll move island jailer burton taylor every love i've known comparison failure forget names i'm tame never see taylor swift liveget tickets low $932you might also like see gon' go go touch you'll never alone i-island breeze lights low low one know one know middle night dreams yeah see things baby mmm mmm middle night night dreams dreams know i'm gonna take time ready oh ready baby let games begin let games begin let games begin ah-ah baby let games begin let games begin let games begin see gon' go touch you'll never alone i-island breeze lights low one know middle night night dreams dreams see things baby baby mmm yeah middle night dreams dreams know i'm gonna take time yeah middle night baby let games begin let games begin let games begin ready baby let games begin let games begin let games begin ready it?159embed"
    },
    {
        "title": "End Game",
        "lyrics": "187 contributorstranslationspolskiрусскийfrançaistürkçeespañolсрпскиportuguêsitalianodeutschmagyarslovenščinaend game lyrics wanna end game wanna first string wanna a-team woah woah wanna end game end game big reputation big reputation ooh got big reputations ah heard ooh got big enemies yeah big reputation big reputation ooh would big conversation ah git git heard ooh yeah like bad ones dope don't overdose i’m stoked need toast i'm ghost like i'm whippin’ boat got reputation girl don't precede yeah i'm one call away whenever need yeah i'm g5 yeah come a-side yeah got bad boy persona that's like love love 'cause type hold protect life see taylor swift liveget tickets low $932you might also like don't wanna touch don't wanna another ex-love don’t wanna see don’t wanna miss don't wanna miss like girls don’t wanna hurt wanna drinkin' beach know say know say ain't tryna play wanna end game end game wanna first string first string wanna a-team a-team wanna end game end game knew young reconnected little bit older sprung got issues chips shoulders reputation precedes rumours i'm knee-deep truth it’s easier ignore believe even we'd argue we'd long understand good bad end song beautiful traits way ease flaws paranoia insecurities i've made mistakes made choices that's hard deny storm somethin' born 4th july past days fun end game one four words tip tongue i'll never say don't wanna touch don't wanna another ex-love don't wanna see don't wanna miss don't wanna miss like girls don't wanna hurt wanna drinkin' beach know say yeah ain't tryna play ooh wanna end game end game wanna first string wanna first string wanna a-team a-team wanna end game end game big reputation big reputation ooh got big reputations ah heard ooh got big enemies hey big reputation big reputation big reputation yeah ooh would big conversation ah heard ooh like bad ones hit like bang tried forget couldn't bury hatchets keep maps put 'em reputation precedes told i'm crazy swear don't love drama loves can't let go handprints soul it's like eyes liquor it's like body gold you've callin' bluff usual tricks here's truth red lips ooh ah wanna end game end game wanna first string you; first string wanna a-team hey; a-team now; a-team wanna end game end game wanna end game oh do; end game wanna first string first string wanna a-team a-team wanna end game end game117embed"
    },
    {
        "title": "I Did Something Bad",
        "lyrics": "170 contributorstranslationspolskiрусскийtürkçeespañolсрпскиportuguêsitalianomagyardeutschfrançaisslovenščinai something bad lyrics never trust narcissist love play 'em like violin make look oh easy 'cause every lie tell tell three world works thinks feel flames skin crimson red paint lips man talks shit owe nothin' don't regret one bit 'cause comin' say somethin' bad why's feel good say somethin' bad why's feel good fun ever i'd could felt good good ra-di-di-di-di-di-di-di-di-di-da-da ra-di-di-di-di-di-di-di-di-di-da-da ra-di-di-di-di-di-di-di-di-di-da-da da-da da da see taylor swift liveget tickets low $932you might also like never trust playboy love fly 'em around world let think saved never see comin' next world works gotta leave get left feel flames skin says \"don't throw away good thing\" drops name owe nothin' spends change comin' say somethin' bad da-da why's feel good say somethin' bad why's feel good fun ever i'd could felt good good ra-di-di-di-di-di-di-di-di-di-da-da ra-di-di-di-di-di-di-di-di-di-da-da felt good ra-di-di-di-di-di-di-di-di-di-da-da da-da da da they're burning witches even aren't one got pitchforks proof receipts reasons they're burning witches even aren't one light light light light light go ahead light light light light light light light light light say somethin' bad oh why's feel good good say somethin' bad why's feel good good fun ever fun ever i'd could felt good good good ra-di-di-di-di-di-di-di-di-di-da-da bad ra-di-di-di-di-di-di-di-di-di-da-da oh say somethin' bad say somethin' bad ra-di-di-di-di-di-di-di-di-di-da-da why's feel good good good bad why's feel good why's feel why's feel good bad felt good good110embed"
    },
    {
        "title": "Don't Blame Me",
        "lyrics": "120 contributorstranslationspolskipolskiрусскийfrançaistürkçeespañolсрпскиportuguêsitalianomagyardeutschslovenščinadon’t blame lyrics don't blame love made crazy doesn't ain't doin' right lord save drug baby i'll usin' rest life i've breakin' hearts long time toyin' older guys playthings use somethin' happened first time darkest little paradise shaking pacin' need would cross line would waste time would lose mind say \"she's gone far time\" don't blame love made crazy doesn't ain't doin' right lord save drug baby i'll usin' rest life don't blame love made crazy doesn't ain't doin' right oh lord save drug baby i'll usin' rest life see taylor swift liveget tickets low $932you might also like name whatever decide i'm gonna call mine i'm insane i'm baby baby echoes echoes name inside mind halo hidin' obsession poison ivy i'm daisy baby would would fall grace touch face walk away i'd beg ya knees stay don't blame love made crazy doesn't ain't doin' right lord save drug baby i'll usin' rest life yeah ooh don't blame love made crazy doesn't ain't doin' right oh lord save drug baby i'll usin' rest life get high oh every time you're every time you're lovin' you're lovin' trip life oh every time you're every time you're touchin' you're touchin' every time you're every time you're lovin' oh lord save drug baby i'll usin' rest life usin' rest life oh woah don't blame love made crazy doesn't ain't doin' right doin' right lord save drug baby i'll usin' rest life oh don't blame love made crazy ooh doesn't ain't doin' right ain't doin' right oh lord save drug baby i'll usin' rest life i'll usin' i'll usin' get high oh every time you're every time you're lovin' you're lovin' oh lord save drug baby i'll usin' rest life99embed"
    },
    {
        "title": "Delicate",
        "lyrics": "156 contributorstranslationspolskiукраїнськарусскийfrançaistürkçeespañolportuguêsitalianodeutschсрпскиไทย / phasa thaitiếng việtslovenščinabahasa indonesiadelicate lyrics ain't best reputation's never worse must like can't make promises babe make drink dive bar east side phone lights nightstand black come meet back dark jeans nikes look oh damn never seen color blue think fun things could 'cause like ain't best reputation's never worse must like yeah want can't make promises babe make drink cool said chill you're head 'cause know it's delicate delicate cool said soon yet 'cause know it's delicate see taylor swift liveget tickets low $932you might also like isn't isn't isn't isn't isn't isn't isn't isn't delicate third floor west side handsome you're mansion view girls back home touch like long night hands hair echoes footsteps stairs stay honey don't wanna share 'cause like ain't best reputation's never worse must like yeah want can't make promises babe make drink cool said chill you're head 'cause know it's delicate delicate cool said soon yet 'cause know it's delicate isn't isn't isn't isn't isn't isn't isn't isn't delicate sometimes wonder sleep ever dreaming sometimes look eyes pretend you're mine damn time 'cause like cool said chill you're head 'cause know it's delicate delicate yeah want cool said soon yet 'cause know it's delicate delicate 'cause like cool said isn't chill you're head isn't isn't 'cause know it's delicate isn't delicate yeah want cool said isn't soon yet isn't isn't 'cause know it's delicate isn't delicate?114embed"
    },
    {
        "title": "Look What You Made Me Do",
        "lyrics": "350 contributorstranslationsfrançaisespañolсрпскиportuguêspolskiitalianodeutschtürkçečeskybahasa melayuрусскийhebreweestimagyartaylor swift  look made แปลภาษาไทย)slovenščinaукраїнськаlook made lyrics don't like little games don't like tilted stage role made play fool don't like don't like perfect crime laugh lie said gun mine isn't cool don't like oh got smarter got harder nick time honey rose dead time i've got list names red underlined check check twice oh ooh look made look made look made look made ooh look made look made look made look made see taylor swift liveget tickets low $932you might also like don't don't like kingdom keys keys belonged asked place sleep locked threw feast world moves another day another drama drama think karma world moves one thing's sure maybe got mine you'll get got smarter got harder nick time nick time honey rose dead time time i've got list names red underlined check check twice oh ooh look made look made look made look made ooh look made look made look made look made don't trust nobody nobody trusts i'll actress starrin' bad dreams don't trust nobody nobody trusts i'll actress starrin' bad dreams don't trust nobody nobody trusts i'll actress starrin' bad dreams don't trust nobody nobody trusts i'll actress starrin' bad dreams ooh look made look made look made look made \"i'm sorry old taylor can't come phone right now\" ooh look made look made look made \"why oh 'cause she's dead\" oh ooh look made look made look made look made ooh look made look made look made look made ooh look made look made look made look made ooh look made look made look made look made do238embed"
    },
    {
        "title": "So It Goes...",
        "lyrics": "96 contributorstranslationsрусскийfrançaistürkçeespañolportuguêsitalianodeutschpolskiсрпскиslovenščinaso goes lyrics see dark eyes magician eyes us make everyone disappear cut pieces gold cage hostage feelings back wall trippin' trip-trippin' you're gone 'cause break little get alone it's simple 'cause baby know know feel pieces fall right place gettin' caught moment lipstick face goes i'm keep i'm lose know i'm bad girl bad things goes met bar eyes illusionist eyes us make gray days clear wear like necklace i'm chill make jealous got heart skippin' skip-skippin' i'm gone see taylor swift liveget tickets low $932you might also like 'cause break little get alone it's simple 'cause baby know know feel pieces fall right place gettin' caught moment lipstick face goes i'm keep i'm lose know i'm bad girl bad things goes come dressed black goes scratches back goes number honestly baby who's countin' number honestly baby who's countin' number honestly baby who's countin' who's countin' one two three pieces fall pieces fall right place gettin' caught moment caught caught lipstick face goes i'm keep oh i'm lose baby know i'm bad girl bad things goes come dressed black goes scratches back goes come dressed black goes scratches back goes61embed"
    },
    {
        "title": "Gorgeous",
        "lyrics": "143 contributorstranslationspolskiрусскийfrançaisespañolсрпскиportuguêsitalianodeutschmagyarslovenščinagorgeous lyrics gorgeous take compliment got drunk made fun way talk think consequence magnetic field bein' little strong got boyfriend he's older us he's club doin' don't know you're cool makes hate much hate much whisky ice sunset vine you've ruined life bein' mine you're gorgeous can't say anything face 'cause look face gorgeous i'm furious makin' feel way say you're gorgeous take compliment i'm talkin' everyone think consequence touchin' hand darkened room dark room dark room you've got girlfriend i'm jealous you're single that's honestly worse 'cause you're gorgeous actually hurts honey hurts see taylor swift liveget tickets low $932you might also like ocean blue eyes lookin' mine feel like might sink drown die you're gorgeous can't say anything face face 'cause look face look face; gorgeous i'm furious makin' feel way feel way say you're gorgeous make happy turns back sad yeah there's nothin' hate can't gorgeous makes mad mm make happy turns back sad yeah there's nothin' hate can't guess i'll stumble home cats ugh alone unless wanna come along oh you're gorgeous gorgeous can't say anything face face 'cause look face look face; gorgeous i'm furious i'm furious making feel way feel way say say you're gorgeous make happy turns back sad yeah there's nothin' hate can't gorgeous makes mad mm you're gorgeous make happy turns back sad turns back sad there's nothin' hate can't can't gorgeous makes mad mm you're gorgeous89embed"
    },
    {
        "title": "Getaway Car",
        "lyrics": "148 contributorstranslationsрусскийfrançaistürkçeespañolсрпскиportuguêsitalianomagyardeutschpolskislovenščinagetaway car lyrics nothin' good starts getaway car best times worst crimes struck match blew mind didn’t mean didn't see ties black lies white shades gray candlelight wanted leave needed reason \"x\" marks spot fell apart poisoned well lyin' knew first old fashioned cursed never shotgun shot dark oh drivin’ getaway car flyin' we'd never get far don't pretend it's mystery think place first met ridin' getaway car sirens beat heart shoulda known i'd first leave think place first met see taylor swift liveget tickets low $932you might also like getaway car oh-oh-oh never get far oh-oh-ah nothin' good starts getaway car great escape prison break light freedom face weren’t thinkin’ drinkin' runnin’ us screamin' \"go go go\" three us honey it's sideshow circus ain't love story we’re sorry we're sorry \"x\" marks spot fell apart poisoned well every man knew first old fashioned cursed hit like shotgun shot heart oh drivin' getaway car flyin' we'd never get far don't pretend it's mystery think place first met ridin' getaway car sirens beat heart shoulda known i'd first leave think place first met getaway car oh-oh-oh never get far oh-oh-ah nothin' good starts getaway car jet-set bonnie clyde oh-oh switched side side it's surprise turned oh-oh 'cause us traitors never win i'm getaway car left motel bar put money bag stole keys last time ever saw oh drivin' getaway car flyin' we'd never get far don't pretend don't pretend it's mystery think place first met ridin' getaway car sirens beat heart shoulda known shoulda known i'd first leave think place first met getaway car oh-oh-oh never get far oh-oh-ah nothin' good starts getaway car ridin' getaway car cryin' getaway car dyin' getaway car said goodbye getaway car ridin' getaway car cryin' getaway car dyin' getaway car said goodbye getaway car110embed"
    },
    {
        "title": "King of My Heart",
        "lyrics": "104 contributorstranslationspolskiрусскийfrançaistürkçeespañolсрпскиportuguêsitalianodeutschmagyarslovenščinaking heart lyrics i'm perfectly fine live made mind i'm better bein' alone met weeks ago try callin' \"baby\" like tryin' clothes salute i'm american queen move like i'm motown beat rule kingdom inside room 'cause boys expensive cars range rovers jaguars never took quite one waitin' king heart body soul woah you're want i'll never let go king heart body soul woah i've waitin' waitin' woah woah one waitin' waitin' body soul woah see taylor swift liveget tickets low $932you might also like late night city's asleep love secret i'm hoping dreaming dying keep change priorities taste lips idea luxury salute i'm american queen move like i'm motown beat rule kingdom inside room inside room oh 'cause boys expensive cars range rovers jaguars never took quite one waitin' king heart body soul woah you're want i'll never let go king heart heart body soul woah hey i've waitin' waitin' waiting woah woah one waitin' waitin' waitin' waitin' body soul woah end endings broken bones mending nights we're spending roof school girl crush drinkin' beer plastic cups say fancy fancy stuff baby enough one waitin' king heart body soul woah one waitin' king heart body soul woah you're want i'll never let go king heart heart body soul soul woah i've waitin' waitin' woah woah woah one waitin' waitin' body soul woah once53embed"
    },
    {
        "title": "Dancing With Our Hands Tied",
        "lyrics": "110 contributorstranslationsрусскийfrançaisespañolсрпскиportuguêsitalianodeutschtürkçepolskimagyarslovenščinadancing hands tied lyrics loved secret first sight yeah love without reason oh twenty-five years old oh know love frozen deep blue painted golden oh held close oh know could've spent forever hands pockets picture face invisible locket said nothin' world could stop bad feelin' darlin' turned bed sacred oasis people started talkin' puttin' us paces knew one world could take bad feelin' dancin' dancin' hands tied hands tied yeah dancin' like first time first time yeah dancin' dancin' hands tied hands tied yeah dancin' bad feelin' dancin' see taylor swift liveget tickets low $932you might also like loved spite deep fears world would divide us baby dance oh avalanche say say got i'm mess i'm mess wanted oh 'cause it's gravity oh keeping could've spent forever hands pockets picture face invisible locket said nothin' world could stop bad feelin' dancin' dancin' hands tied hands tied yeah dancin' like first time first time yeah dancin' dancin' hands tied hands tied yeah dancin' knew hands tied bad feelin' dancin' i'd kiss lights went swayin' room burned i'd hold water rushes could dance i'd kiss lights went swayin' room burned i'd hold water rushes could dance yeah dancin' hands tied hands tied yeah dancin' oh yeah dancin' like first time first time first time first time yeah dancin' oh dancin' hands tied hands tied dancin' hands tied yeah dancin' bad feelin' bad feelin' dancin' hands tied hands tied dancin')60embed"
    },
    {
        "title": "Dress",
        "lyrics": "129 contributorstranslationspolskiрусскийfrançaistürkçeespañolportuguêsitalianodeutschсрпскиmagyarslovenščinadress lyrics secret moments crowded room got idea indentation shape made mark golden tattoo silence patience pining anticipation hands shakin' holdin’ back ha ah ah silence patience pining desperately waitin' hands shakin' ah ha ha ha-ah say name everything stops don’t want like best friend bought dress could take take ha ha ha-ah carve name bedpost 'cause don't want like best friend bought dress could take take ha ha ha-ah inescapable i'm even gonna try get burned least electrified i'm spillin' wine bathtub kiss face we're drunk everyone thinks know us know nothin' see taylor swift liveget tickets low $932you might also like silence patience pining anticipation hands shakin’ holdin’ back ha ah ah silence patience pining desperately waitin' hands shakin’ ah ha ha ha-ah say name everything stops don't want like best friend bought dress could take take ha ha ha-ah carve name bedpost 'cause don't want like best friend bought dress could take take ha ha ha-ah-ah ha-ah-ah ha-ah-ah-ah bought dress could take ha-ah-ah ha-ah-ah ha-ah-ah-ah bought dress could take flashback met buzzcut hair bleached even worst times could see best flashback mistakes rebounds earthquakes even worst lies saw truth woke time wake side one lifeline woke time wake side hands shake can’t explain ah ha ha ha-ah say name everything stops don't want like best friend bought dress could take take ha ha ha-ah carve name bedpost 'cause don't want like best friend bought dress could take take ha ha ha-ah indentation shape bought dress could take made mark golden tattoo bought dress could take off)58embed"
    },
    {
        "title": "This Is Why We Can’t Have Nice Things",
        "lyrics": "131 contributorstranslationspolskiрусскийfrançaistürkçeespañolportuguêsitalianodeutschсрпскиmagyarslovenščinathis can’t nice things lyrics nice throwin' big parties jump pool balcony everyone swimmin' champagne sea rules show bass beat rattling chandelier feelin' gatsby whole year why'd rain parade i'm shaking head locking gates can't nice things darlin' break take away can't nice things honey oh think wouldn't hear things said can't nice things nice friends giving second chance stabbed back shakin' hand therein lies issue friends don't try trick get phone mind-twist took axe mended fence see taylor swift liveget tickets low $932you might also like i'm friend you've lost lately mm-mm weren't shady can't nice things darlin' yeah break take away can't nice nice things things baby honey think wouldn't hear things said can't here's toast real friends don't care he-said she-said here's baby ain't readin' call lately here's mama listen drama here's 'cause forgiveness nice thing haha can't even say straight face can't can't nice things darlin' darlin' break take away away can't nice uh uh things oh honey baby oh think wouldn't hear things said can't oh nice oh things darlin' here's real friends; oh break take away here's baby; oh nice things oh honey didn't care he-said she-said think wouldn't hear things said can't nice things55embed"
    },
    {
        "title": "Call It What You Want",
        "lyrics": "142 contributorstranslationspolskiрусскийfrançaistürkçeespañolportuguêsitalianodeutschсрпскиmagyarslovenščinacall want lyrics castle crumbled overnight brought knife gunfight took crown it's alright liars calling one nobody's heard months i'm doin' better ever 'cause baby's fit like daydream walkin' head i'm one he's walking call want yeah call want baby's fly like jet stream high whole scene loves like i'm brand new call want yeah call want flowers grew back thorns windows boarded storm built fire keep warm drama queens taking swings jokers dressing kings fade nothing look see taylor swift liveget tickets low $932you might also like know make mistakes every time bridges burn never learn least one thing right one thing right i'm laughing lover makin' forts covers trust like brother yeah know one thing right starry eyes sparkin' darkest night baby's fit like daydream walkin' head i'm one he's walking call want yeah call want baby's fly like jet stream high whole scene loves like i'm brand new call want call want call call want yeah call want want wear initial chain 'round neck chain 'round neck owns 'cause really knows say recall late november holding breath slowly said \"you don't need save would run away me?\" yes would run away baby's fit like daydream walkin' head i'm one he's walking call want call want call call want yeah call want call want baby's fly like jet stream oh high whole scene loves like i'm brand new call want call want call call want yeah call want call want call call want call want call call want call want call call want call want call call want call want call call want call want call call want call want call call want yeah call want to103embed"
    },
    {
        "title": "New Year's Day",
        "lyrics": "111 contributorstranslationsрусскийfrançaistürkçeespañolсрпскиportuguêsitalianodeutschpolskislovenščinanew year’s day lyrics there's glitter floor party girls carryin’ shoes lobby candle wax polaroids hardwood floor night don't read last page stay you're lost i’m scared you're turnin' away want midnights i'll cleanin' bottles new year's day squeeze hand three times back taxi tell it's gonna long road i'll you’re toast town babe strike you’re crawlin' home don’t read last page stay it's hard it's wrong we're makin’ mistakes want midnights i'll cleanin' bottles new year's day hold memories hold hold memories hold hold memories hold hold see taylor swift liveget tickets low $932you might also like please don't ever become stranger whose laugh could recognize anywhere please don't ever become stranger whose laugh could recognize anywhere there's glitter floor party girls carryin' shoes lobby candle wax polaroids hardwood floor forevermore don't read last page stay it's hard it's wrong we're makin' mistakes want midnights i'll cleanin' bottles new year's day hold memories hold hold memories hold hold memories hold hold hold please don't ever become stranger memories hold whose laugh could recognize anywhere hold memories hold please don't ever become stranger hold memories hold whose laugh could recognize anywhere hold you)77embed"
    },
    {
        "title": "Reputation [Prologue]",
        "lyrics": "31 contributorstranslationsslovenščinaespañolрусскийportuguêsfrançaisreputation lyricshere's something i've learned people think know someone truth know version chosen show us know friend certain light don't know way lover way lover never know way friend mother knows differently roommate knows differently colleague secret admirer looks sees elaborate sunset brilliant color dimension spirit pricelessness yet stranger pass person see faceless member crowd nothing may hear rumors person believe things true may one day meet person feel foolish believing baseless gossip first generation able look back entire life story documented pictures internet together discover after-effects ultimately post photos online curate strangers think us wake look mirror faces see cracks scars blemishes cringe hope someday we'll meet someone see morning face instead see future partner forever someone still choose us even see sides story angles kaleidoscope point despite need simplify generalize absolutely everyone everything life humans intrinsically impossible simplify never good bad mosaics worst selves best selves deepest secrets favorite stories tell dinner party existing somewhere well-lit profile photo drivers license shot mixture selfishness generosity loyalty self-preservation pragmatism impulsiveness i've public eye since 15 years old beautiful lovely side i've lucky make music living look crowds loving vibrant people side coin mistakes used heartbreaks used entertainment songwriting trivialized 'oversharing' album comes gossip blogs scour lyrics men attribute song inspiration music simple basic paternity test slideshows photos backing incorrect theory it's 2017 didn't see picture couldn't happened right let say louder back think know someone truth know version chosen show us explanation reputation.see taylor swift liveget tickets low $93215embed"
    }
]