[
    {
        "title": "Fortnight",
        "lyrics": "242 contributorstranslationsfrançaisitalianotürkçeportuguêsespañolالعربيةفارسیсрпскиnorsk bokmål / riksmål)polskideutschmagyarhebrewslovenščinaไทย / phasa thaiмакедонскиtiếng việtromânăchinese traditionalукраїнськаčeskyрусскийбеларускаяcatalàfortnight lyrics supposed sent away forgot come get functioning alcoholic 'til nobody noticed new aesthetic say hope you're okay you're reason one here's blame quiet treason fortnight forever run sometimes ask weather you're backyard turned good neighbors wife waters flowers wanna kill mornings mondays stuck endless february took miracle move-on drug effects temporary love it's ruining life love it's ruining life touched fortnight touched touched fortnight forever run sometimes ask weather you're backyard turned good neighbors wife waters flowers wanna kill fortnight together run sometimes comment sweater you're mailbox turned good neighbors husband cheating wanna kill see taylor swift liveget tickets low $932you might also like love it's ruining life love it's ruining life touched fortnight touched touched love it's ruining life love it's ruining life touched fortnight touched touched thought callin' ya won't pick 'nother fortnight lost america move florida buy car want won't start 'til touch touch touch thought calling ya won't pick 'nother fortnight lost america move florida buy car want won't start 'til touch touch touch you18embed"
    },
    {
        "title": "The Tortured Poets Department",
        "lyrics": "147 contributorstranslationstürkçeportuguêsespañolالعربيةفارسیсрпскиfrançaisitalianonorsk bokmål / riksmål)polskideutschcatalàбеларускаяenglishукраїнськаhebrewмакедонскиไทย / phasa thaislovenščinamagyarthe tortured poets department lyrics left typewriter apartment straight tortured poets department think things never say like \"who uses typewriters anyway?\" you're self-sabotage mode throwing spikes road i've seen episode still loved show else decodes who's gonna hold like who's gonna know laughed face said \"you're dylan thomas i'm patti smith ain't chelsea hotel we'rе modern idiots\" who's gonna hold like nobody no-fucking-body nobody smokеd ate seven bars chocolate declared charlie puth bigger artist scratch head fall asleep like tattooed golden retriever awaken dread pounding nails head i've read one come undone chose cyclone see taylor swift liveget tickets low $932you might also like who's gonna hold like who's gonna hold who's gonna hold who's gonna know like who's gonna know laughed face said \"you're dylan thomas i'm patti smith ain't chelsea hotel we're modern idiots\" who's gonna hold like who's gonna hold who's gonna hold no-fucking-body who's gonna hold who's gonna hold nobody who's gonna hold gonna know gonna troll nobody sometimes wonder you're gonna screw told lucy you'd kill ever leave said jack felt seen everyone know understands it's meant 'cause we're crazy tell else gonna know dinner take ring middle finger put one people put wedding rings that's closest i've come heart exploding who's gonna hold who's gonna know you're dylan thomas i'm patti smith ain't chelsea hotel we're two idiots who's gonna hold who's gonna hold who's gonna hold who's gonna hold who's gonna hold who's gonna hold who's gonna hold who's gonna hold gonna know gonna troll left typewriter apartment straight tortured poets department else decodes you?8embed"
    },
    {
        "title": "My Boy Only Breaks His Favorite Toys",
        "lyrics": "99 contributorstranslationsespañolالعربيةفارسیсрпскиfrançaisitalianoportuguêstürkçenorsk bokmål / riksmål)deutschpolskiукраїнськабеларускаяcatalàрусскиймакедонскиslovenščinamy boy breaks favorite toys lyrics oh go voices head called rain end days wild sickest army doll purchased mall rivulets descend plastic smile should've seen first got boy breaks favorite toys toys oh i'm queen sand castles destroys oh oh 'cause fit right puzzle pieces dead night should've known matter time oh oh boy breaks favorite toys oh oh litany reasons could've playеd keeps time know i'm repeating mysеlf put back shelf first pull string i'll tell runs loves loves see taylor swift liveget tickets low $932you might also like 'cause should've seen first saw boy boy breaks favorite toys toys oh i'm queen i'm queen sand castles destroys oh oh 'cause knew much danger heat touch saw forever smashed oh oh boy boy breaks favorite toys oh oh oh-oh-oh oh-oh-oh fix oh-oh-oh oh-oh-oh he's gonna miss oh-oh-oh oh-oh-oh fix oh-oh-oh oh-oh-oh he's gonna miss say i'd play best friend sandlot felt played pretend kens 'cause took box stole tortured heart left broken parts told i'm better i'm i'm i'm not10embed"
    },
    {
        "title": "Down Bad",
        "lyrics": "132 contributorstranslationstürkçeportuguêsespañolالعربيةفارسیсрпскиfrançaisitalianoукраїнськабеларускаяcatalàไทย / phasa thaiмакедонскиslovenščinanorsk bokmål / riksmål)polskideutschdown bad lyrics really beam cloud sparkling dust experiments tell chosen one showed world bigger us sent back came moment knew cosmic love i'm bad cryin' gym everything comes teenage petulance \"fuck can't him\" \"i might die would make difference\" bad wakin' blood starin' sky come back pick fuck can't us might get might stay bad fuck can't bad fuck can't see taylor swift liveget tickets low $932you might also like take old clothes leave naked alone field old town somehow seems hollow they'll say i'm nuts talk existence moment heavenstruck i'm bad cryin' gym cryin' gym everything comes teenage petulance \"fuck can't him\" fuck can't \"i might die would make difference\" bad wakin' blood wakin' blood starin' sky come back pick fuck can't us might get might stay bad like lost twin fuck can't bad bad wavin' ship fuck can't loved hostile takeovers encounters closer closer indecent exposures dare say it's— i'll build fort planet understand dare think it's romantic leaving safe stranded 'cause fuck love fuck can't us 'cause fuck love i'm bad cryin' gym cryin' gym everything comes teenage petulance \"fuck can't him\" can't \"i might die would make difference\" bad wakin' blood wakin' blood starin' sky come back pick fuck can't us might get might stay bad like lost twin fuck can't i'm bad bad wavin' ship fuck can't like lost twin fuck can't bad wavin' ship fuck can't him10embed"
    },
    {
        "title": "So Long, London",
        "lyrics": "200 contributorstranslationstürkçeportuguêsespañolالعربيةفارسیсрпскиfrançaisitalianopolskideutschslovenščinatiếng việtnorsk bokmål / riksmål)českyукраїнськабеларускаяchinese traditionalไทย / phasa thaiмакедонскиso long london lyrics long long london london long long london london long long london london saw mind fairy lights mist kept calm carried weight rift pulled tighter time driftin' away spine split carrying us hill wet clothes weary bones caught chill stopped tryna make laugh stopped tryna drill safe thinkin' \"how much sad think think me?\" oh tragedy long london you'll find someone didn't opt odd man founded club she's heard great things left knew left house heath stoppеd cpr it's use spirit gonе would never come i'm pissed let give youth free see taylor swift liveget tickets low $932you might also like long london stitches undone two graves one gun i'll find someone say abandoned ship going white-knuckle dying grip holding tight quiet resentment friends said isn't right scared every day love affair every breath feels like rarest air you're sure wants much sad think think much tragedy low think i'd go 'fore i'd self-implode 'fore i'd go free swore loved clues died altar waitin' proof sacrificed us gods bluest days i'm getting color back face i'm mad hell 'cause loved place long long london london good good run run moment moment warm sun sun i'm i'm one one long long london london stitches stitches undone undone two two graves graves one gun gun you'll you'll find find someone10embed"
    },
    {
        "title": "But Daddy I Love Him",
        "lyrics": "259 contributorstranslationstürkçeportuguêsespañolالعربيةفارسیсрпскиfrançaisitalianonorsk bokmål / riksmål)deutschpolskichinese traditionalрусскийtiếng việtslovenščinaбеларускаяукраїнськаcatalàbut daddy love lyrics forget west won forget ever fun learned people raise cage sarahs hannahs sunday best clutchin' pearls sighing \"what mess\" learned people try save 'cause hate high horse simple girl rise slammed door whole world one thing wanted i'm runnin' dress unbuttoned scrеamin' \"but daddy love him\" i'm havin' baby i'm see faces i'm tellin' floor thе fences i'm coming senses know he's crazy he's one want see taylor swift liveget tickets low $932you might also like dutiful daughter plans laid tendrils tucked woven braid growin' precocious sometimes means growin' chaos revelry bedroom eyes like remedy soon enough elders convened city hall \"stay away her\" saboteurs protested much lord knows words never heard screeching tires true love i'm runnin' dress unbuttoned screamin' \"but daddy love him\" i'm havin' baby i'm see faces i'm tellin' floor fences i'm coming senses know he's crazy he's one want i'll tell something right i'd rather burn whole life listen one second bitchin' moanin' i'll tell something 'bout good name it's mine alone disgrace don't cater vipers dressed empath's clothing god save judgmental creeps say want what's best sanctimoniously performing soliloquies i'll never see thinkin' change beat heart touches counteract chemistry undo destiny ain't gotta pray wild boy wild joy want gray it's white noise it's choice there's lot people town bestow upon fakest smiles scandal funny things pride brings lovers closer came back heat died went parents came around wine moms still holdin' fuck 'em it's i'm dancin' dress sun even daddy loves i'm lady oh god see faces time doesn't give perspective can't come wedding know it's crazy he's one want i'll tell something right ain't gotta pray wild boy wild joy chaos revelry want gray it's white noise it's choice screamin' \"but daddy love him\" i'm baby i'm see faces oh god see faces chaos revelry chaos revelry)15embed"
    },
    {
        "title": "Fresh Out The Slammer",
        "lyrics": "99 contributorstranslationstürkçeportuguêsespañolالعربيةفارسیсрпскиfrançaisitalianonorsk bokmål / riksmål)deutschpolskicatalàбеларускаяукраїнськаslovenščinafresh slammer lyrics pretty baby i'm runnin' back home fresh slammer know first call fresh slammer oh another summer takin' cover rolling thunder don't understand splintered back winter silent dinners bitter dreams gray blue fights tunnels handcuffed spell one hour sunshine years labor locks ceilings shade feeling it's gonna alright time pretty baby i'm runnin' back home frеsh slammer know first call frеsh slammer oh camera flashes welcome bashes get matches toss ashes ledge said letters know better never lose baby see taylor swift liveget tickets low $932you might also like friends tried wouldn't hear watch daily disappearing one glimpse smile nights kept goin' swirled poems we're starting line time pretty baby i'm runnin' house still wait porch light gleams gleams one says i'm girl american dreams matter i've done wouldn't matter anyway ain't way i'm gonna screw know what's stake park used sit children's swings wearing imaginary rings it's gonna alright time8embed"
    },
    {
        "title": "Florida!!!",
        "lyrics": "94 contributorstranslationsitalianoсрпскиespañoltürkçeفارسیportuguêsالعربيةfrançaispolskislovenščinatiếng việtnorsk bokmål / riksmål)catalàбеларускаяукраїнськаdeutschflorida lyrics beat heat beat charges said cheat guess must true friends smell like weed little babies city reeks driving crazy little know home's really town you're guest work life away pay time-share destin florida one hell drug florida use hurricane name came got drunk dared wash away barricaded bathroom bottle wine well ghosts wе hell time yes i'm hauntеd i'm feeling fine girls got lace crimes cheating husband disappeared well one asks questions best lay rest bodies ever body mind sink swamp bad thing say song see taylor swift liveget tickets low $932you might also like little know home's really town you'll get arrested pack life away wait shitstorm back texas florida one hell drug florida use need forget take florida i've got regrets i'll bury florida tell i'm despicable say it's unforgivable least dolls beautiful fuck florida need forget take florida i've got regrets i'll bury florida tell i'm despicable say it's unforgivable crash rush fuck florida it's one hell drug it's one hell drug love left like don't want exist take florida little know home's really town you're guest florida work life away pay time-share destin take florida little know home's really town you'll get arrested florida pack life away wait shitstorm back texas florida one hell drug take florida use florida one hell drug florida go fuck up10embed"
    },
    {
        "title": "Guilty as Sin?",
        "lyrics": "193 contributorstranslationstürkçeportuguêsespañolالعربيةفارسیсрпскиfrançaisitalianoбеларускаяcatalàhebrewไทย / phasa thaiрусскийукраїнськаslovenščinanorsk bokmål / riksmål)deutschpolskiguilty sin lyrics drownin' blue nile sent \"downtown lights\" hadn't heard boredom's bone-deep cage fine allowed cry dream crackin' locks throwin' life wolves ocean rocks crashin' tonight he's paradox i'm seeing visions bad mad wise he's written \"mine\" upper thigh mind one slip fallin' back hedge maze oh way die keep recalling things never messy top-lip kiss long trysts without ever touchin' skin guilty sin keep longings lockеd lowercase inside vault somеone told \"there's thing bad thoughts actions talk\" fatal fantasies giving way labored breath takin' we've already done head it's make-believe feel like vow we'll uphold somehow see taylor swift liveget tickets low $932you might also like he's written \"mine\" upper thigh mind one slip fallin' back hedge maze oh way die bed sheets ablaze i've screamed name buildin' like waves crashin' grave without ever touchin' skin guilty sin roll stone away they're gonna crucify anyway way hold actually what's holy long-suffering propriety want don't know you've haunted stunningly choose religiously he's written \"mine\" upper thigh mind one slip fallin' back hedge maze oh way die keep recalling things never messy top-lip kiss long trysts without ever touchin' skin guilty sin sent \"downtown lights\" hadn't heard allowed cry?5embed"
    },
    {
        "title": "Who's Afraid of Little Old Me?",
        "lyrics": "159 contributorstranslationstürkçeportuguêsespañolالعربيةفارسیсрпскиfrançaisitalianoslovenščinaукраїнськаnorsk bokmål / riksmål)deutschcatalàбеларускаярусскийwho’s afraid little old lyrics who's \"who's that?\" poised attack bare hands paved paths don't get tell \"sad\" wanted dead should've said nothing makes feel alive leap gallows levitate street crash party like record scratch scream \"who's afraid little old me?\" scandal contained bullet grazed costs keep good name don't get tell feel bad wonder broke let's hear one morе joke could laugh cry lеap gallows levitate street crash party like record scratch scream \"who's afraid little old me?\" tame gentle 'til circus life made mean \"don't worry folks took teeth\" who's afraid little old well see taylor swift liveget tickets low $932you might also like tell everything say didn't hurt wanna snarl show disturbed made wouldn't last hour asylum raised kids sneak house cobwebs i'm always drunk tears isn't said i'll sue step lawn i'm fearsome i'm wretched i'm wrong put narcotics songs that's you're still singin' along leap gallows levitate street crash party like record scratch scream \"who's afraid little old me?\" tame gentle 'til circus life made mean \"don't worry folks took teeth\" who's afraid little old well 'cause lured hurt taught caged called crazy 'cause trained who's afraid who's afraid little old who's afraid little old me?11embed"
    },
    {
        "title": "I Can Fix Him (No Really I Can)",
        "lyrics": "86 contributorstranslationstürkçeportuguêsespañolالعربيةفارسیсрпскиfrançaisitalianocatalàбеларускаяукраїнськаnorsk bokmål / riksmål)slovenščinaмакедонскиdeutschpolskii fix really lyrics smoke cloud billows mouth like freight train small town jokes told across bar revolting far loud shake heads sayin' \"god help her\" tell 'em he's man good lord doesn't need lift finger fix really dopamine races brain six-lane texas highway hand calloused pistol softly traces hearts face could see mile away perfect case certain skill set halo highest gradе hadn't met yеt shake heads sayin' \"god help her\" tell 'em he's man good lord doesn't need lift finger fix really see taylor swift liveget tickets low $932you might also like good boy that's right come close i'll show heaven you'll angel night trust handle dangerous man really shook heads sayin' \"god help her\" told 'em he's man told 'em he's man good lord didn't need lift finger fix really really woah maybe can't5embed"
    },
    {
        "title": "loml",
        "lyrics": "227 contributorstranslationstürkçeportuguêsespañolالعربيةفارسیсрпскиfrançaisitalianopolskiromânănorsk bokmål / riksmål)slovenščinadeutschбеларускаяукраїнськаcatalàукраїнськаloml lyrics who's gonna stop us waltzing back rekindled flames know steps anyway embroidered memories time away stitching \"we kids babe\" said \"i don't mind takes time\" thought better safe starry-eyed felt aglow like never never since know one glimpse it's legendary go one kiss getting married still alivе killing time cemеtery never quite buried suit tie nick time low-down boy stand-up guy holy ghost told i'm love life said i'm love life million times who's gonna tell truth blew winds fate told reformed impressionist paintings heaven turned fakes well took hell ink bleeds con man sells fool get-love-quick scheme i've felt hole like never ever since see taylor swift liveget tickets low $932you might also like know one glimpse it's legendary thought time momentary still alive killing time cemetery never quite buried cinephile black white plot twists dynamite mr steal girl make cry said i'm love life shit-talked table talkin' rings talkin' cradles wish could un-recall almost dancing phantoms terrace second-hand embarrassed can't get bed 'cause something counterfeit's dead legendary momentary unnecessary should've let stay buried oh valiant roar bland goodbye coward claimed lion i'm combing braids lies \"i'll never leave,\" \"never mind\" field dreams engulfed fire arson's match somber eyes i'll still see die you're loss life6embed"
    },
    {
        "title": "I Can Do It With a Broken Heart",
        "lyrics": "173 contributorstranslationstürkçeportuguêsespañolالعربيةفارسیсрпскиfrançaisitalianopolskideutschhebrewไทย / phasa thaichinese traditionalnorsk bokmål / riksmål)slovenščinacatalàбеларускаяукраїнськаi broken heart lyrics read mind \"she's time life\" glittering prime lights refract sequin stars silhouette every night show lies one two three four 'cause i'm real tough kid handle shit said \"babe gotta fake 'til make it\" lights camera bitch smile even wanna die said he'd love life life short breaking hit floor piеces shatterеd crowd chanting \"more\" grinnin' like i'm winnin' hittin' marks 'cause broken heart one two three four i'm depressed act like it's birthday every day i'm obsessed avoids like plague cry lot productive it's art know you're good even broken heart see taylor swift liveget tickets low $932you might also like hold breath i've doin' since left keep finding things drawers crucial evidence didn't imagine whole thing i'm sure pass test one two three four 'cause i'm real tough kid handle shit said \"babe gotta fake 'til make it\" lights camera bitch smile stilettos miles said he'd love time time quite short breaking hit floor pieces shattered crowd chanting \"more\" grinnin' like i'm winnin' hittin' marks 'cause broken heart one two three four i'm depressed act like it's birthday every day i'm obsessed avoids avoids like plague cry lot productive it's art know you're good even broken heart know you're good even broken heart know you're good i'm good 'cause i'm miserable haha nobody even knows ah try come job13embed"
    },
    {
        "title": "The Smallest Man Who Ever Lived",
        "lyrics": "146 contributorstranslationstürkçeportuguêsespañolالعربيةفارسیсрпскиfrançaisitalianopolskideutschбеларускаяcatalàhebrewукраїнськаукраїнськаnorsk bokmål / riksmål)slovenščinathe smallest man ever lived lyrics true gazing starry-eyed jehovah's witness suit fuck guy tried buy pills friend friends mine ghosted know feels like don't even want back want know rusting sparkling summer goal don't miss could someone give message smallest man ever lived hung wall stabbed push pins public showed sank stoned oblivion 'cause queen come you'd treat likе also-ran didn't measure measurе man see taylor swift liveget tickets low $932you might also like don't even want back want know rusting sparkling summer goal don't miss could someone give message smallest man ever lived sent someone wanted dead sleep gun underneath bed writin' book sleeper cell spy fifty years declassified you'll confess i'll say \"good riddance\" 'cause wasn't sexy wasn't forbidden would've died sins instead died inside deserve prison won't get time you'll slide inboxes slip bars crashed party rental car said normal girls boring gone morning kicked stage lights you're still performing plain sight hid i'll forget i'll never forgive smallest man ever lived8embed"
    },
    {
        "title": "The Alchemy",
        "lyrics": "105 contributorstranslationstürkçeportuguêsespañolالعربيةفارسیсрпскиfrançaisitalianopolskideutschcatalàбеларускаярусскийукраїнськаnorsk bokmål / riksmål)slovenščinathe alchemy lyrics happens every lifetimes chemicals hit like white wine told i'm back hospital drag worst sleep ever circled map haven't come around long i'm coming back strong touch call amateurs cut 'em team ditch clowns get crown baby i'm one beat 'cause sign heart said it's still reserved honestly fight thе alchemy hey told we'rе cool child's play back school forgiven rule haven't come around long i'm making comeback belong see taylor swift liveget tickets low $932you might also like touch call amateurs cut 'em team ditch clowns get crown baby i'm one beat 'cause sign heart said it's still reserved honestly fight alchemy blokes warm benches we've winning streak jokes it's heroin time \"e\" 'cause sign heart said it's still reserved honestly fight alchemy shirts friends lift heads beer stickin' floor cheers chanted 'cause said \"there chance trying greatest league\" where's trophy comes runnin' touchdown call amateurs cut 'em team ditch clowns get crown baby i'm one beat 'cause sign heart said it's still reserved honestly fight alchemy blokes warm benches we've winning streak jokes it's heroin time \"e\" 'cause sign heart said it's still reserved honestly fight alchemy happens every lifetimes chemicals hit like white wine5embed"
    },
    {
        "title": "Clara Bow",
        "lyrics": "166 contributorstranslationstürkçeportuguêsespañolالعربيةفارسیсрпскиfrançaisitalianohebrewpolskideutschnorsk bokmål / riksmål)slovenščinaукраїнськаcatalàбеларускаяclara bow lyrics \"you look like clara bow light remarkable life know you'd picked like rose?\" \"i'm trying exaggerate think might die happened die happened one small town thought i'd see lights manhattan\" \"this town fake you're real thing breath fresh air smoke rings take glory give everything promise dazzling\" \"you look like stevie nicks '75 hair lips crowd goes wild fingertips half moonshine full еclipse\" \"i'm trying exaggeratе think might die made die made one small town thought i'd meet suits l.a wanna say...\" see taylor swift liveget tickets low $932you might also like \"this town fake you're real thing breath fresh air smoke rings take glory give everything promise dazzling crown stained you're real queen flesh blood amongst war machines you're new god we're worshipping promise dazzling\" beauty beast roars fours demanding girlish glow flickers let know it's hell earth heavenly them's breaks don't come gently \"you look like taylor swift light we're lovin' you've got edge never future's bright dazzling\"9embed"
    }
]